User ID,Source
AAE1542675,Instagram
AAG1139819,Instagram
AAQ1920322,Instagram
AAR2036663,Snapchat
AAT397791,Offline Campaign
AAX617733,Offline Campaign
ABB4102768,Offline Campaign
ABJ208964,Google
ABJ2575621,Organic
ABL1814739,Facebook
ABR1684537,Google
ABZ1462598,Facebook
ABZ2530450,Instagram
ABZ520175,Instagram
ACA228688,Instagram
ACC217442,Organic
ACC934782,Google
ACJ1088413,Organic
ACK2490276,Instagram
ACK2566954,Offline Campaign
ACR2560129,Offline Campaign
ACV1389043,Organic
ACY1277631,Snapchat
ADF288047,Snapchat
ADF59546,Google
ADU1855215,Facebook
ADY2581375,Facebook
AEA159414,Instagram
AEA1855425,Snapchat
AEF1162685,Snapchat
AEI136750,Offline Campaign
AEO1455773,Snapchat
AFB1613116,Google
AFJ6101622,Organic
AFM811103,Offline Campaign
AFP1458314,Offline Campaign
AFR1386931,Instagram
AGG1915807,Snapchat
AGL1596852,Facebook
AHA2443395,Facebook
AHE331272,Snapchat
AHH1183376,Instagram
AHJ1330336,Offline Campaign
AHW1574421,Facebook
AHX630603,Offline Campaign
AIH587729,Instagram
AIS141943,Instagram
AIV2551324,Offline Campaign
AJD974439,Facebook
AJI2623796,Instagram
AJM1390357,Instagram
AKB2293372,Facebook
AKD2233027,Offline Campaign
AKF1324090,Facebook
AKG198688,Snapchat
AKI563159,Facebook
AKZ1759142,Facebook
ALD1668247,Offline Campaign
ALG22104823,Offline Campaign
ALG333861,Offline Campaign
ALL6106833,Snapchat
ALU2338643,Google
ALX1148141,Facebook
ALZ835958,Organic
AMB555764,Offline Campaign
AME1940182,Offline Campaign
AMF1162328,Instagram
AMF1660735,Google
AMH1824831,Organic
AMS581435,Snapchat
AMT2367167,Instagram
AMU2617838,Instagram
ANM2559811,Offline Campaign
ANO1867731,Snapchat
ANO779404,Offline Campaign
ANS2449566,Organic
ANV6108306,Instagram
ANZ2344919,Offline Campaign
ANZ2354957,Instagram
AOA130330,Snapchat
AOA945003,Google
AOB1247994,Facebook
AOG417025,Snapchat
AOP2165493,Snapchat
AOR169453,Facebook
AOR1825728,Organic
AOU169003,Google
APA446179,Snapchat
API764896,Snapchat
APP937929,Snapchat
APQ2413449,Organic
APS1528866,Offline Campaign
APS883061,Google
APU646239,Offline Campaign
APX750703,Organic
AQD2690402,Offline Campaign
AQD846740,Facebook
AQH11104640,Organic
AQH1833351,Instagram
AQI2107775,Organic
AQJ17104619,Instagram
AQQ2537344,Snapchat
ARC545648,Instagram
ARL13108354,Facebook
ARM228301,Instagram
ARN134716,Offline Campaign
ARN2550730,Snapchat
ARS179344,Instagram
ARS395418,Organic
ARV2115684,Organic
ASB2124933,Google
ASG422983,Snapchat
ASI2227480,Offline Campaign
ASM2010830,Organic
ASN10109716,Offline Campaign
ASN1611670,Google
ASN2431476,Offline Campaign
ASY139795,Snapchat
ATB4106308,Organic
ATB545939,Instagram
ATC1238322,Facebook
ATG14101904,Snapchat
ATM867131,Facebook
ATN2243860,Snapchat
ATO237404,Organic
ATO829331,Snapchat
ATQ2058134,Instagram
ATW15106137,Facebook
ATY313446,Instagram
AUE617406,Organic
AUJ334275,Snapchat
AUQ1138256,Instagram
AUV989595,Facebook
AUZ1835427,Snapchat
AVG2032214,Organic
AVK26103008,Instagram
AVN1873224,Facebook
AVW2145021,Facebook
AVW2283526,Snapchat
AVY2028698,Google
AWF565310,Instagram
AWI180553,Snapchat
AWL958608,Facebook
AWM2258380,Facebook
AWP1211478,Offline Campaign
AWS1725125,Snapchat
AWV410077,Organic
AXI2035466,Offline Campaign
AXJ1062982,Offline Campaign
AXP514397,Offline Campaign
AXQ546878,Facebook
AXT2064872,Instagram
AXU2345978,Snapchat
AXU2658005,Instagram
AYB7100005,Facebook
AYE2171847,Facebook
AYO284696,Facebook
AYQ748894,Offline Campaign
AYR2558191,Organic
AYU320733,Facebook
AYX694254,Instagram
AYZ895190,Instagram
AZB1142270,Instagram
AZB2127189,Google
AZD2425377,Instagram
AZF150964,Facebook
AZJ240224,Snapchat
AZT376215,Snapchat
AZV920859,Organic
BAB1741940,Facebook
BAD129735,Google
BAI897848,Organic
BBJ27461,Organic
BBL345000,Instagram
BBP18100596,Instagram
BCG1391833,Instagram
BCM2243290,Organic
BCM942612,Offline Campaign
BCO1862550,Instagram
BCX1346083,Snapchat
BCX876152,Snapchat
BDA435070,Snapchat
BDD119131,Facebook
BDD469546,Google
BDF459439,Snapchat
BDG589514,Instagram
BDJ217719,Offline Campaign
BDL2421207,Google
BDN2510449,Organic
BDX17106611,Google
BEJ1761365,Facebook
BEK1546530,Offline Campaign
BFI5100569,Offline Campaign
BFJ945051,Organic
BFS1522995,Google
BFZ576344,Instagram
BGD1837734,Snapchat
BGD460711,Facebook
BGE142423,Snapchat
BGI2443926,Offline Campaign
BGK2661056,Organic
BGL1659247,Offline Campaign
BGN1786904,Facebook
BGQ2257873,Offline Campaign
BGR1540425,Organic
BGR195487,Facebook
BGR2372960,Instagram
BGU862376,Organic
BGV1029286,Facebook
BGX151549,Organic
BHA2619938,Snapchat
BHC682794,Instagram
BHH277007,Google
BHI684087,Offline Campaign
BHK113605,Offline Campaign
BHN2287105,Instagram
BHQ1036549,Google
BHT2042897,Facebook
BHW320391,Instagram
BHY2256958,Organic
BIA399933,Offline Campaign
BID2055647,Instagram
BIF766918,Instagram
BIM1434980,Instagram
BIN896666,Offline Campaign
BJC825098,Instagram
BJJ2694494,Instagram
BJN219816,Offline Campaign
BJT343335,Instagram
BJU483895,Snapchat
BJY1268652,Snapchat
BJZ1658548,Facebook
BKE19107637,Organic
BKJ696606,Offline Campaign
BKZ1731230,Instagram
BLF2490294,Offline Campaign
BLJ218685,Organic
BLL1157429,Snapchat
BLL695871,Google
BLN5103104,Google
BLR197683,Google
BLV137314,Facebook
BLY1869144,Offline Campaign
BMD2221270,Offline Campaign
BMR514445,Snapchat
BMS1940428,Offline Campaign
BMZ1570251,Organic
BNE3109662,Snapchat
BNH1770044,Facebook
BNJ1934824,Organic
BNP1745291,Snapchat
BNS1210536,Google
BNX169768,Snapchat
BNZ2414136,Offline Campaign
BOA2515861,Offline Campaign
BOB1828044,Snapchat
BOB821492,Organic
BOG9107217,Snapchat
BOH22102156,Instagram
BOY2376578,Facebook
BPE2629127,Google
BPN16106563,Snapchat
BPO261512,Instagram
BPR1117097,Instagram
BPX1989652,Instagram
BPX259622,Facebook
BPX633441,Facebook
BQD1498715,Snapchat
BQF3109371,Facebook
BQG250136,Facebook
BQJ122587,Organic
BQL2465028,Offline Campaign
BQY1391533,Snapchat
BRP2474085,Offline Campaign
BRQ680409,Instagram
BRR2056655,Snapchat
BSJ22102069,Snapchat
BSR2037677,Offline Campaign
BSS1090381,Organic
BSU2429388,Snapchat
BSX1673176,Offline Campaign
BSY1488692,Facebook
BTA460207,Instagram
BTF1686802,Snapchat
BUA358662,Offline Campaign
BUK1883010,Facebook
BUQ1428929,Facebook
BUT2618267,Facebook
BUX1514460,Offline Campaign
BVA1818027,Organic
BVI2078558,Offline Campaign
BVI2235694,Snapchat
BVK672033,Offline Campaign
BWD492409,Snapchat
BWN2339378,Instagram
BWP1061809,Offline Campaign
BWQ1663222,Offline Campaign
BWW22101715,Offline Campaign
BWX876947,Facebook
BXE108709,Instagram
BXJ1844835,Snapchat
BXJ2104169,Snapchat
BXN1934764,Instagram
BXQ1135619,Google
BXX265064,Offline Campaign
BXZ448810,Organic
BYD1612624,Google
BYE221417,Google
BYG2461188,Google
BYK10101838,Snapchat
BYP1472822,Instagram
BYR1096741,Snapchat
BZG1715279,Instagram
BZJ433081,Instagram
BZP1665196,Offline Campaign
BZT816959,Organic
BZV1112588,Snapchat
BZW1584873,Google
BZW1844256,Google
BZW2461992,Facebook
BZX624216,Facebook
BZZ22106899,Snapchat
CAA2106023,Offline Campaign
CAE2582707,Instagram
CAG1496861,Snapchat
CAO1449017,Facebook
CAY1891764,Offline Campaign
CBA1141856,Facebook
CBD2674472,Offline Campaign
CBE21102885,Instagram
CBI544637,Snapchat
CBQ2676785,Instagram
CBR1714685,Facebook
CBT1947634,Google
CBY77605,Google
CCQ1352671,Facebook
CCY2136744,Snapchat
CCZ1519815,Organic
CDF38694,Google
CEC1020808,Organic
CEE1820355,Snapchat
CEJ2455584,Snapchat
CEL1648933,Offline Campaign
CEN2425017,Google
CEQ1062262,Google
CEQ1731401,Organic
CET1477472,Offline Campaign
CEZ1632055,Instagram
CFD658728,Facebook
CFF387528,Facebook
CFI1650046,Organic
CFX317826,Instagram
CGM1916254,Organic
CGP952419,Facebook
CGQ2073083,Snapchat
CGY1092706,Offline Campaign
CHB342384,Instagram
CHH187563,Organic
CIA2199156,Organic
CIC1483277,Snapchat
CIG1523835,Instagram
CIK1168346,Instagram
CIK6102384,Facebook
CIT2652935,Snapchat
CIW1521813,Instagram
CIY1963081,Facebook
CJB427210,Snapchat
CJF1199918,Offline Campaign
CJN2336822,Offline Campaign
CJO174727,Snapchat
CJT429769,Offline Campaign
CJV67284,Organic
CKB346527,Organic
CKE478621,Facebook
CKG585422,Snapchat
CKM2340065,Google
CKN1841247,Offline Campaign
CKP2625443,Instagram
CKW646257,Google
CLH397491,Snapchat
CLI2184321,Instagram
CLR2666120,Facebook
CLS1098532,Offline Campaign
CLV1161017,Offline Campaign
CMO892874,Instagram
CMP1289328,Snapchat
CMQ25104244,Snapchat
CMS2420802,Google
CMY572090,Google
CNB11103098,Facebook
CNC174973,Organic
CNM2117856,Offline Campaign
CNQ17109155,Offline Campaign
CNR1538088,Facebook
CNS2291074,Offline Campaign
CNS23108798,Facebook
COE859694,Snapchat
COJ1057723,Instagram
COL2146905,Instagram
COO1391422,Instagram
COZ1040959,Facebook
COZ1291569,Instagram
CPA1881642,Offline Campaign
CPB2289133,Facebook
CPC1944769,Facebook
CPC751750,Facebook
CPL1380202,Instagram
CPY2270644,Snapchat
CQG1580088,Facebook
CQK1620880,Instagram
CQL485875,Offline Campaign
CQP845576,Organic
CQV1578570,Instagram
CQX1368286,Organic
CRA575798,Google
CRI2120766,Facebook
CRK819044,Offline Campaign
CRL1126373,Snapchat
CRN119587,Snapchat
CRS2283709,Instagram
CRU311790,Instagram
CSA26104988,Organic
CSH1386412,Offline Campaign
CSK2325803,Google
CSQ1969969,Instagram
CSY2102099,Snapchat
CTB18104676,Offline Campaign
CTH1540242,Snapchat
CTJ2153457,Organic
CTJ317703,Instagram
CTM1715720,Snapchat
CUA25102240,Facebook
CUC2456943,Offline Campaign
CUE1439840,Facebook
CUE2138748,Offline Campaign
CUF2215576,Offline Campaign
CUJ1446599,Organic
CUM2162562,Offline Campaign
CUP1189316,Facebook
CVH1969024,Offline Campaign
CVI1953409,Google
CVP1296570,Google
CVS1599333,Snapchat
CWD1837311,Facebook
CWF1667281,Offline Campaign
CWF2479266,Instagram
CWI22103137,Instagram
CXE1912048,Facebook
CXG2297695,Google
CXL321498,Facebook
CXR5102669,Snapchat
CXU758950,Instagram
CYC1882053,Offline Campaign
CYG423268,Organic
CYL1185491,Instagram
CYX2379254,Facebook
CZC1481285,Offline Campaign
CZJ1717760,Snapchat
CZK185239,Facebook
CZM1377043,Instagram
CZU465940,Google
CZZ1570530,Offline Campaign
DAB1154927,Snapchat
DAG655653,Organic
DAI570545,Facebook
DAO2676695,Organic
DAT2350937,Google
DAW1518804,Facebook
DBC1658338,Offline Campaign
DBF1923658,Offline Campaign
DBF39606,Offline Campaign
DBG240209,Google
DBL257875,Facebook
DBR1293303,Facebook
DCF824567,Offline Campaign
DCK1148504,Instagram
DCV1829526,Snapchat
DDM1061908,Snapchat
DDT612435,Offline Campaign
DDT871397,Instagram
DEA1155311,Snapchat
DED2073986,Instagram
DEI1442639,Google
DEO2267425,Instagram
DEX1926649,Facebook
DEZ157812,Facebook
DFL566495,Facebook
DFP711046,Offline Campaign
DGG344988,Facebook
DGL2253595,Offline Campaign
DGR2421312,Facebook
DGU823715,Snapchat
DGV2163480,Snapchat
DGX1088092,Instagram
DHK2570923,Instagram
DHO128898,Snapchat
DHR1124363,Snapchat
DIE1158101,Snapchat
DII650283,Google
DIP2041679,Offline Campaign
DIU1814520,Organic
DJL2188530,Offline Campaign
DJL320847,Snapchat
DJP1612093,Facebook
DJP295013,Facebook
DKE1642864,Organic
DKJ1222311,Facebook
DLB261500,Organic
DLE17108519,Snapchat
DLE6105018,Offline Campaign
DLF7101451,Facebook
DLN988476,Facebook
DLT1029778,Organic
DLU1951585,Instagram
DLV1839039,Organic
DLW1985155,Instagram
DLW2516716,Snapchat
DMG2164182,Google
DMJ1370332,Facebook
DMQ352095,Offline Campaign
DNC2369609,Facebook
DNE1247343,Organic
DNN523598,Snapchat
DNW14108069,Facebook
DNX321561,Offline Campaign
DNX423571,Google
DNZ213848,Instagram
DOF413662,Google
DOG1238184,Organic
DOG2078222,Snapchat
DOH1077073,Offline Campaign
DOH1168739,Offline Campaign
DOH735013,Google
DOK1642621,Google
DOP1254117,Offline Campaign
DOR2684342,Google
DOT1510434,Instagram
DPB625737,Facebook
DPH1883247,Instagram
DPK1011424,Facebook
DQB963531,Offline Campaign
DQE512729,Google
DQU1723532,Facebook
DQW291773,Facebook
DRA713173,Facebook
DRF1771154,Facebook
DRF422650,Instagram
DRG1988698,Google
DRQ2458977,Snapchat
DRU1694968,Google
DRV2474247,Offline Campaign
DSN1864707,Offline Campaign
DST1115960,Google
DSY2027267,Organic
DTG1181882,Offline Campaign
DTH1655767,Instagram
DTM1480889,Snapchat
DTO16105324,Offline Campaign
DTR1224336,Facebook
DTT820886,Offline Campaign
DTW939285,Organic
DTY213188,Offline Campaign
DTY2182749,Offline Campaign
DTZ1354039,Instagram
DUB3107697,Offline Campaign
DUE2346680,Snapchat
DUG13108135,Organic
DUN17100335,Offline Campaign
DUP1546350,Instagram
DUU1024747,Organic
DVC388569,Instagram
DVD1386214,Facebook
DVF2127339,Facebook
DVG1948924,Instagram
DVG2628344,Offline Campaign
DVT438724,Snapchat
DVU1859496,Facebook
DVZ2154723,Google
DWC2252452,Organic
DWE20105867,Offline Campaign
DWE2426226,Snapchat
DWI1140983,Offline Campaign
DWL2599201,Instagram
DWT2145360,Facebook
DWU2259826,Offline Campaign
DXF1512072,Google
DXI2041538,Instagram
DXP1544457,Organic
DXR710500,Snapchat
DYF1746923,Facebook
DYH1557324,Snapchat
DYP852314,Google
DYS990117,Offline Campaign
DYV1697461,Instagram
DZC563924,Instagram
DZL348165,Google
DZO1623748,Instagram
DZO1834482,Offline Campaign
DZR1523931,Facebook
DZR256106,Offline Campaign
DZT2486655,Offline Campaign
EAD2227441,Offline Campaign
EAF642186,Organic
EAH1555989,Offline Campaign
EAH22109719,Offline Campaign
EAN2034320,Offline Campaign
EAO875873,Google
EAP14105225,Facebook
EAQ1549983,Snapchat
EAS543857,Organic
EBD1819479,Snapchat
EBK2435202,Organic
EBK4101841,Facebook
EBR1030405,Instagram
EBT131068,Offline Campaign
ECF2322344,Snapchat
ECK1124558,Offline Campaign
ECO237590,Offline Campaign
ECU1138148,Instagram
ECW1496573,Offline Campaign
EDA6103203,Offline Campaign
EDB2413305,Organic
EDE2531965,Facebook
EDF925251,Organic
EDN1343401,Organic
EDN461941,Offline Campaign
EDR872078,Organic
EDV517082,Facebook
EDX1418408,Google
EDY1875972,Offline Campaign
EED362079,Offline Campaign
EEJ562178,Facebook
EEL1397047,Google
EFH1087582,Facebook
EFM1450679,Facebook
EFP2244454,Google
EGA12102435,Facebook
EGG1347946,Google
EGG3105321,Offline Campaign
EGI189751,Offline Campaign
EGJ1101511,Instagram
EGJ130789,Google
EGK741451,Offline Campaign
EGL1292058,Instagram
EHB661665,Google
EHG1162448,Snapchat
EHL1151420,Facebook
EHS2236036,Instagram
EHZ1948276,Snapchat
EIE858491,Offline Campaign
EIK2181036,Google
EIN353121,Instagram
EIR1756769,Offline Campaign
EIU26100305,Offline Campaign
EIV557975,Offline Campaign
EJA17102219,Snapchat
EJD2057045,Facebook
EJE1212876,Organic
EJE642138,Offline Campaign
EJJ1341559,Offline Campaign
EKA836969,Snapchat
EKE1574712,Instagram
EKH1073095,Snapchat
EKH1677253,Instagram
EKI1522266,Google
EKU646488,Facebook
ELM2389259,Facebook
ELP116041,Organic
ELT2339963,Snapchat
ELT697929,Offline Campaign
ELW12103011,Facebook
EMI912417,Instagram
EMM248468,Facebook
EMQ1297923,Instagram
EMY2154324,Facebook
ENA2443380,Offline Campaign
ENF2070461,Facebook
ENH1279473,Offline Campaign
ENK2568433,Instagram
ENN1197656,Facebook
ENR160720,Snapchat
ENZ424075,Snapchat
EOB2465469,Facebook
EOB2528161,Facebook
EOC5103725,Facebook
EOD337059,Facebook
EOP1388674,Offline Campaign
EOP353967,Facebook
EOU1109410,Facebook
EOW858863,Organic
EPD2520754,Offline Campaign
EQE1819779,Organic
EQO2563750,Instagram
EQY1255671,Offline Campaign
ERD2349974,Offline Campaign
ERH2479008,Instagram
ERI577484,Offline Campaign
ERQ1542684,Offline Campaign
ERQ2485578,Snapchat
ERS1745762,Facebook
ERT1475447,Instagram
ERV1438436,Instagram
ERZ1317715,Offline Campaign
ESA1573080,Organic
ESC2136861,Organic
ESI1069132,Snapchat
ESN291398,Snapchat
ESP1681726,Facebook
ESS2382887,Instagram
ESU968547,Organic
ESX1274961,Instagram
ESY1331209,Instagram
ETE774583,Snapchat
ETN1689499,Facebook
ETN2393642,Google
ETO2154033,Organic
ETP1260972,Google
ETP834392,Offline Campaign
ETV2589679,Offline Campaign
ETW1698934,Facebook
ETX988998,Google
EUG1693294,Instagram
EUL860450,Facebook
EUN2350847,Organic
EUQ1478084,Snapchat
EUU655302,Snapchat
EVC2698721,Snapchat
EVH26104634,Instagram
EVN1646686,Snapchat
EVQ1210095,Snapchat
EVS713536,Facebook
EVV2351795,Instagram
EVX1139798,Instagram
EVX1445990,Instagram
EWA1689427,Instagram
EWA215675,Offline Campaign
EWB1974682,Facebook
EWE554306,Organic
EWH922182,Instagram
EWK1781732,Organic
EWK2171367,Facebook
EXA2669468,Offline Campaign
EXK191254,Snapchat
EXR16101706,Snapchat
EXS1477367,Offline Campaign
EXX233882,Instagram
EYH2226841,Organic
EYK1435982,Instagram
EYL2311682,Google
EYO2696132,Offline Campaign
EYR18107613,Offline Campaign
EYY167614,Offline Campaign
EZB1994749,Google
EZD1899258,Snapchat
EZM436924,Snapchat
EZN2051495,Instagram
EZS196987,Instagram
EZU1041061,Facebook
EZY1091809,Facebook
EZY1497443,Snapchat
FAG674901,Facebook
FAH375687,Organic
FAM1355188,Offline Campaign
FAN2290474,Google
FAU1584918,Google
FBB2096153,Facebook
FBD26100896,Organic
FCB69285,Instagram
FCY1075240,Snapchat
FCY570788,Snapchat
FCZ296810,Facebook
FDK1540818,Snapchat
FDO1013281,Organic
FDQ1113290,Organic
FDW177668,Google
FDX1957303,Organic
FEC1614526,Organic
FEC2030828,Google
FEL2481708,Snapchat
FEO2584822,Snapchat
FEU2048855,Offline Campaign
FEX932499,Offline Campaign
FFE2172186,Snapchat
FFL1582818,Instagram
FFL212249,Organic
FFL2590159,Organic
FFP338196,Offline Campaign
FFR15102477,Offline Campaign
FFW358485,Offline Campaign
FGO914535,Facebook
FGR936837,Offline Campaign
FHK1093150,Instagram
FHQ971028,Instagram
FHT741016,Organic
FIF616023,Organic
FIJ912924,Organic
FIL2532751,Google
FIQ1737428,Instagram
FIR1988512,Snapchat
FJA2039069,Organic
FJJ386895,Organic
FJK3104556,Offline Campaign
FJR1348156,Organic
FJW123616,Instagram
FJW2448783,Instagram
FJZ1597635,Offline Campaign
FKB24104067,Snapchat
FKE880823,Facebook
FLO796471,Instagram
FLQ1317589,Facebook
FLV1616626,Instagram
FLZ1240191,Google
FLZ1657459,Google
FME229001,Google
FMQ1427936,Instagram
FMY2029691,Offline Campaign
FMY740623,Instagram
FNB1379512,Facebook
FNB434323,Facebook
FNB569105,Snapchat
FNE1958596,Snapchat
FNK415777,Snapchat
FNN765541,Snapchat
FNT462541,Instagram
FNX121666,Google
FOA2229967,Snapchat
FOB1338607,Google
FOB14102081,Snapchat
FOS1324285,Instagram
FOT1645822,Offline Campaign
FOT2635475,Offline Campaign
FOW1954861,Offline Campaign
FPB820652,Offline Campaign
FPI1477211,Snapchat
FPL2478210,Offline Campaign
FPT2171352,Offline Campaign
FPY616425,Snapchat
FQB863819,Snapchat
FQD439588,Offline Campaign
FQR227612,Organic
FQS23104055,Snapchat
FQT478153,Google
FQU1684948,Facebook
FRB1738985,Google
FRK944484,Organic
FRP2123457,Organic
FRU1236282,Facebook
FSE862238,Instagram
FSF2485194,Snapchat
FSK970341,Instagram
FSW1945933,Facebook
FTF2314451,Google
FTL356868,Organic
FTV1549383,Google
FTY26105285,Snapchat
FUK2694131,Snapchat
FUU1349896,Offline Campaign
FUZ577571,Offline Campaign
FVC1656136,Offline Campaign
FVM977676,Offline Campaign
FVO17108330,Facebook
FVW921705,Offline Campaign
FVX108073,Google
FWF832868,Offline Campaign
FWG543830,Snapchat
FWI1698586,Organic
FWW1746938,Offline Campaign
FXE1176308,Facebook
FXN254741,Offline Campaign
FXN448183,Organic
FXP1589229,Offline Campaign
FYE2180091,Snapchat
FYF1786073,Instagram
FYI2334494,Offline Campaign
FYM2041865,Facebook
FYN1101628,Offline Campaign
FYZ1533957,Offline Campaign
FZB289037,Google
FZC1877826,Instagram
FZK2231749,Instagram
FZK59600,Facebook
FZS242453,Offline Campaign
FZV188847,Snapchat
GAF963144,Snapchat
GAG1455563,Snapchat
GAJ1459214,Offline Campaign
GAL258992,Snapchat
GBA2280769,Offline Campaign
GBH2310833,Snapchat
GBN1282929,Facebook
GBN8102189,Snapchat
GBO2579857,Instagram
GBO4103980,Organic
GCB1448441,Google
GCM1893684,Offline Campaign
GDD1395730,Facebook
GDF423244,Google
GDF716278,Instagram
GDK273236,Organic
GDQ23102738,Offline Campaign
GDR1344199,Facebook
GDU1775663,Snapchat
GDZ392685,Facebook
GEE2499381,Facebook
GEG1372861,Organic
GEI761335,Snapchat
GEO1481825,Organic
GEZ853016,Snapchat
GFD1348522,Offline Campaign
GFJ156880,Offline Campaign
GFR1520295,Snapchat
GFS385932,Organic
GFX2194653,Facebook
GGA817427,Offline Campaign
GGA916647,Instagram
GGC1611049,Google
GGJ24101142,Instagram
GGL218870,Google
GHI1359301,Snapchat
GHI534974,Instagram
GHK268589,Organic
GHN1329964,Snapchat
GHQ4105333,Facebook
GIA1797104,Organic
GIA238253,Snapchat
GIB767221,Google
GIG449560,Facebook
GIN2168322,Organic
GIS2352530,Snapchat
GIT1753139,Snapchat
GIT561101,Offline Campaign
GIW1952701,Organic
GJB2076101,Facebook
GJK2375894,Offline Campaign
GJW261224,Instagram
GJY1623079,Instagram
GKB16109590,Organic
GKG987630,Organic
GKJ2100059,Instagram
GKL465376,Instagram
GKU1099708,Offline Campaign
GLF1662166,Offline Campaign
GLJ2271700,Organic
GLK1685161,Instagram
GLM812750,Organic
GMA980853,Google
GML1846770,Snapchat
GMR2168454,Facebook
GMS2610791,Facebook
GMV1053637,Snapchat
GND787696,Instagram
GNE268184,Organic
GNF1949794,Offline Campaign
GNI1738445,Facebook
GNQ843836,Snapchat
GNR298466,Offline Campaign
GNX1146968,Facebook
GNZ421318,Instagram
GOA322302,Offline Campaign
GOM1033870,Facebook
GOU269480,Instagram
GOV15102813,Snapchat
GOY172795,Facebook
GPC5109596,Offline Campaign
GPS1949386,Offline Campaign
GPS20103869,Offline Campaign
GPY1326148,Facebook
GQC1711232,Facebook
GQE740200,Instagram
GQF271043,Organic
GRE224195,Organic
GRO1533279,Facebook
GRP633222,Instagram
GRQ1888077,Instagram
GRS27371,Instagram
GRV2543200,Offline Campaign
GSA1287384,Snapchat
GSH878828,Organic
GSW2596096,Snapchat
GTA2033438,Organic
GTG1625221,Offline Campaign
GTS1627426,Snapchat
GUL1183562,Instagram
GUO2089322,Instagram
GUV577715,Organic
GUY1255695,Snapchat
GVD1085560,Snapchat
GVE1778855,Instagram
GVH2084426,Instagram
GVH2528827,Snapchat
GVH812303,Snapchat
GVN596165,Facebook
GVO228809,Instagram
GWK277421,Snapchat
GWL110338,Facebook
GWT2466411,Snapchat
GWV14104514,Google
GWZ2676209,Snapchat
GXA1186142,Instagram
GXK966693,Snapchat
GXO626361,Google
GXP393912,Offline Campaign
GXS2558176,Snapchat
GXS7101697,Organic
GXY798211,Google
GXZ11104895,Google
GYH1036783,Instagram
GYN2494260,Instagram
GYV2158578,Offline Campaign
GZC1282599,Google
GZE340881,Facebook
GZF690336,Google
GZI1965178,Instagram
GZP2230594,Instagram
GZT1253004,Google
GZT2639765,Organic
HAC1341055,Facebook
HAD915798,Organic
HAF1176413,Facebook
HAG21106059,Instagram
HAU2273803,Instagram
HAU569807,Organic
HAY341670,Instagram
HAZ1811967,Google
HAZ213275,Facebook
HBH1529931,Google
HBN496567,Offline Campaign
HCB594104,Snapchat
HCF1033627,Snapchat
HCI2534086,Offline Campaign
HCL2178441,Facebook
HCQ1393990,Offline Campaign
HCR1154879,Organic
HCS12108024,Snapchat
HCW885197,Offline Campaign
HDD740884,Google
HDF2146542,Facebook
HDG184468,Facebook
HDG415186,Organic
HDK1829313,Snapchat
HDM2142615,Facebook
HDQ10102765,Snapchat
HDS1653286,Google
HDS347676,Facebook
HDW1381747,Organic
HDX2078651,Facebook
HEA2398184,Instagram
HEE140569,Google
HEE2596954,Facebook
HEL2238055,Facebook
HEN845924,Facebook
HEP2463828,Facebook
HEU1440722,Offline Campaign
HEU858512,Google
HEV868259,Organic
HEW1259604,Facebook
HFA530429,Google
HFC2379083,Facebook
HFG2572771,Google
HFJ1032967,Organic
HFJ18108459,Snapchat
HFL1671784,Facebook
HFL2238403,Instagram
HFS2443686,Snapchat
HFW1460012,Organic
HGL15100389,Offline Campaign
HGL2168145,Snapchat
HHD1575822,Instagram
HHV631947,Offline Campaign
HHV936834,Google
HHY1742927,Facebook
HHZ349008,Offline Campaign
HIB1648786,Snapchat
HIE2652692,Snapchat
HIP1317778,Google
HIQ2160360,Offline Campaign
HIZ1713455,Google
HJH1790225,Organic
HJH1975993,Offline Campaign
HJL1111865,Organic
HJP576476,Facebook
HJR1260699,Organic
HKA1102117,Snapchat
HKK1852860,Facebook
HLD313005,Facebook
HLF2648036,Facebook
HLH2675924,Snapchat
HLJ1461158,Instagram
HLQ1365652,Organic
HLZ787486,Facebook
HMA1012921,Instagram
HMK1666003,Organic
HNQ1674649,Facebook
HOB2391791,Snapchat
HOC336906,Instagram
HOC857927,Snapchat
HOD1755722,Offline Campaign
HOF1789535,Snapchat
HOI2026844,Google
HOJ1580673,Facebook
HOK1397308,Offline Campaign
HON675186,Snapchat
HOO2562106,Facebook
HOQ1672654,Facebook
HOR1716053,Offline Campaign
HOT839744,Snapchat
HOW2349683,Facebook
HOX317142,Offline Campaign
HOX596711,Instagram
HOY372423,Offline Campaign
HPB2069684,Instagram
HPF2044991,Snapchat
HPR1543164,Facebook
HPW253523,Offline Campaign
HQN1279314,Offline Campaign
HQN2252836,Instagram
HQW1173368,Snapchat
HQY718678,Facebook
HRE2243224,Instagram
HRF1220502,Snapchat
HRH1724054,Snapchat
HRH2106971,Offline Campaign
HRL2104829,Instagram
HRN1349779,Snapchat
HRR8109173,Organic
HRZ197143,Organic
HSB1717925,Organic
HSG2695400,Instagram
HSJ1098199,Facebook
HSJ438925,Snapchat
HSR2018630,Organic
HSW2411568,Snapchat
HTC2274613,Snapchat
HTD1191722,Facebook
HTD679242,Instagram
HTF1422455,Instagram
HTM2276944,Snapchat
HTO2010050,Offline Campaign
HTP2184423,Snapchat
HTU1793861,Facebook
HTX13105147,Offline Campaign
HUX168040,Instagram
HVE1776965,Facebook
HVL856274,Facebook
HVN2071580,Google
HWI1158098,Instagram
HWP1572177,Snapchat
HWP886874,Google
HWZ2211760,Offline Campaign
HXD1013104,Organic
HXD716431,Snapchat
HXF1799420,Offline Campaign
HXI2493036,Instagram
HXW1041928,Snapchat
HYA561140,Instagram
HYD929895,Offline Campaign
HYI10103110,Organic
HYJ1595937,Instagram
HYO2255467,Facebook
HYR2537494,Instagram
HYU739453,Instagram
HYY1551984,Snapchat
HZF21101073,Instagram
HZR1590792,Facebook
HZT2028305,Organic
IAC2064197,Offline Campaign
IAN1641616,Google
IBB2023667,Facebook
IBJ119719,Google
IBK684849,Snapchat
IBX184699,Google
ICB1168250,Snapchat
ICF580601,Instagram
ICJ2232433,Google
ICM1459319,Snapchat
ICM2182323,Instagram
ICT218471,Offline Campaign
IDD1383832,Offline Campaign
IDF1587000,Organic
IDF720676,Snapchat
IDH759016,Snapchat
IDI2590723,Offline Campaign
IDU717775,Snapchat
IDZ679740,Snapchat
IEA1983073,Facebook
IEB560423,Facebook
IED148895,Offline Campaign
IEJ2263582,Instagram
IEN2163945,Organic
IEY1795469,Offline Campaign
IFC2587405,Offline Campaign
IFC674295,Organic
IFD9106242,Facebook
IFE7102039,Snapchat
IFI552188,Facebook
IFJ2216611,Instagram
IFQ1962370,Facebook
IFS1156871,Google
IFX783154,Organic
IGY226115,Facebook
IHP2159862,Organic
IHQ487018,Instagram
IHS422908,Offline Campaign
IHV2213581,Organic
IHX2072513,Facebook
IIA1758881,Instagram
IIE1178462,Snapchat
IIE20102306,Offline Campaign
IIF263882,Facebook
IIG1145699,Instagram
IIQ9109104,Offline Campaign
IIY1380541,Offline Campaign
IIZ1102192,Organic
IJB558764,Google
IJD2485281,Instagram
IJE10107031,Instagram
IJG2338457,Snapchat
IJH2087714,Offline Campaign
IJX1359550,Snapchat
IJX174088,Facebook
IJY1721297,Offline Campaign
IKG2585797,Snapchat
IKO1077679,Facebook
IKT1867179,Offline Campaign
ILB769270,Offline Campaign
ILG956073,Snapchat
ILL1571385,Instagram
ILQ640329,Facebook
ILV2097809,Snapchat
ILX2220838,Google
IMD851369,Facebook
IME916542,Facebook
IMJ1452068,Instagram
IMJ2543893,Google
IML2399819,Google
IMN429490,Offline Campaign
IMT1569870,Instagram
IMU2552887,Offline Campaign
IMY1867446,Facebook
IMY418921,Snapchat
INF765553,Offline Campaign
INR773899,Offline Campaign
IOC486562,Organic
IOD259072,Google
IOK17100845,Organic
IOX994896,Instagram
IPA859064,Facebook
IPF1221915,Organic
IPO2093702,Facebook
IPS21108696,Snapchat
IPT2161647,Offline Campaign
IPY166540,Offline Campaign
IQB2239243,Offline Campaign
IQE220991,Snapchat
IQE382494,Google
IQF18109194,Snapchat
IQG966126,Facebook
IQQ1934425,Google
IQV1573038,Facebook
IRH1100806,Google
IRJ994545,Snapchat
IRK1254381,Instagram
IRL754684,Snapchat
IRM195085,Google
IRN189186,Facebook
IRN2229784,Instagram
IRP1166729,Offline Campaign
IRS661107,Offline Campaign
IRT773980,Offline Campaign
ISA2268781,Snapchat
ISG1232106,Instagram
ISG897581,Instagram
ISN2212006,Organic
ISP484174,Snapchat
ISP540293,Offline Campaign
ISS1630753,Facebook
ISZ464842,Instagram
ITF877505,Snapchat
ITM1677382,Offline Campaign
ITN1343008,Instagram
IUB2022428,Organic
IUB916287,Offline Campaign
IUI180625,Offline Campaign
IUL1224204,Facebook
IUU1179773,Instagram
IUV2593411,Snapchat
IUX473644,Offline Campaign
IUZ1150547,Organic
IVC2447364,Instagram
IVM1834806,Instagram
IVO882734,Snapchat
IVP258157,Facebook
IVQ3106068,Offline Campaign
IVT2069816,Snapchat
IWC2426601,Facebook
IWF1681546,Snapchat
IWH23100440,Facebook
IWP1146575,Snapchat
IWT491248,Snapchat
IXF13107943,Instagram
IXF2690528,Snapchat
IXJ619329,Snapchat
IXQ1838355,Organic
IXQ23108870,Facebook
IXV2131200,Facebook
IYB572432,Offline Campaign
IYG2235937,Instagram
IYH1055032,Organic
IYL1312885,Organic
IYL1468823,Offline Campaign
IYN1629577,Snapchat
IYP191785,Organic
IYV256535,Organic
IYW1613911,Google
IYW6105975,Offline Campaign
IYZ1197647,Snapchat
IZC993738,Instagram
IZF1075303,Instagram
IZG788548,Google
IZV984153,Offline Campaign
JAD1614373,Google
JAG234611,Google
JAP1252197,Facebook
JAT1246767,Instagram
JAW691992,Offline Campaign
JBK1556859,Snapchat
JBN1511604,Facebook
JBN2327012,Google
JBQ494686,Facebook
JCB1490576,Offline Campaign
JCH2032004,Organic
JCJ1462121,Snapchat
JCM2515228,Snapchat
JCO883784,Offline Campaign
JCZ951465,Organic
JDB4101688,Snapchat
JDC875711,Offline Campaign
JDE16106185,Snapchat
JDO277727,Organic
JDQ1363939,Instagram
JDQ2215276,Facebook
JDS1023025,Instagram
JDT2384126,Organic
JEA463708,Facebook
JEK2551588,Facebook
JFB2388554,Offline Campaign
JFB485836,Offline Campaign
JFC1982578,Offline Campaign
JFE1278798,Snapchat
JFK1786955,Google
JFL2255104,Instagram
JFO830036,Offline Campaign
JFR989181,Facebook
JFX2058902,Instagram
JGD745642,Snapchat
JGE465871,Organic
JGR150481,Google
JGS13106419,Offline Campaign
JGS1946479,Facebook
JGZ1357147,Facebook
JGZ2213470,Instagram
JGZ449035,Snapchat
JHA1111625,Organic
JHQ1176272,Snapchat
JHX2450550,Google
JIC1059865,Facebook
JIF563873,Snapchat
JIR21106779,Facebook
JJA1025734,Snapchat
JJC2056253,Facebook
JJF2279626,Facebook
JJN2653202,Google
JJY1558731,Organic
JKE2160618,Snapchat
JKL448846,Facebook
JKN26104898,Google
JKT1886829,Offline Campaign
JLA2356085,Offline Campaign
JLH1421870,Offline Campaign
JLH259106,Facebook
JLL2473875,Instagram
JLW1473431,Offline Campaign
JLZ2014385,Organic
JMH2668004,Snapchat
JNF585107,Google
JNZ2065385,Snapchat
JOG479260,Organic
JOO2527090,Offline Campaign
JOS2107946,Organic
JPB1476356,Snapchat
JPC635640,Snapchat
JPH1676500,Snapchat
JPK2513212,Facebook
JPN229702,Organic
JPN738520,Instagram
JPO2059070,Offline Campaign
JPU2626637,Facebook
JPX317646,Google
JPY1619521,Instagram
JPY1815147,Organic
JQA959316,Organic
JRG960192,Snapchat
JRK1913389,Offline Campaign
JRK1999888,Instagram
JRR228818,Organic
JSI1995316,Facebook
JSQ186298,Offline Campaign
JTJ2247424,Google
JTV1680598,Snapchat
JTV2287843,Offline Campaign
JUD26100140,Offline Campaign
JUU1451468,Google
JUW2397470,Snapchat
JUW8103527,Offline Campaign
JUX1364239,Organic
JVC17108222,Offline Campaign
JVT340860,Instagram
JVY584438,Facebook
JVZ980535,Instagram
JWH188068,Offline Campaign
JWO528200,Organic
JWR2592445,Facebook
JWW197137,Instagram
JWW2693894,Google
JXC561200,Instagram
JXH461203,Organic
JXJ2419893,Google
JXJ6108813,Snapchat
JXK524522,Snapchat
JYE874166,Facebook
JYP9105858,Facebook
JYT750589,Google
JYW1720172,Google
JYY1170623,Snapchat
JZP1523307,Snapchat
JZV24100653,Facebook
JZV2435274,Google
JZW2461119,Snapchat
JZX1279392,Facebook
KAE1212480,Google
KAE18104253,Snapchat
KAE492028,Facebook
KAJ144664,Organic
KAU1376512,Offline Campaign
KAV2274013,Offline Campaign
KAZ777190,Offline Campaign
KBB794470,Snapchat
KBF1537581,Instagram
KBI534629,Offline Campaign
KBM1367770,Offline Campaign
KBO2612942,Facebook
KBP986526,Organic
KBQ1226070,Organic
KCR2497401,Instagram
KCS2345732,Instagram
KCS4103704,Snapchat
KCT2581471,Offline Campaign
KCY2355635,Facebook
KDA2045495,Snapchat
KDF2445267,Google
KDO596186,Facebook
KDR14106485,Offline Campaign
KEF1610098,Organic
KEO20104571,Snapchat
KFF2176191,Facebook
KFF391875,Snapchat
KFM1510278,Organic
KFZ1746584,Organic
KGB1816080,Organic
KGK362547,Facebook
KGM2126508,Offline Campaign
KGS2020607,Instagram
KGU1435262,Google
KHB394998,Facebook
KHE37302,Organic
KHJ135532,Instagram
KHK2129052,Instagram
KHS1357987,Facebook
KHT2338475,Google
KHW850385,Snapchat
KHY1105642,Snapchat
KIB1362001,Facebook
KIB485503,Facebook
KIE2587186,Instagram
KIT1597149,Snapchat
KIW147422,Instagram
KJF2357216,Offline Campaign
KJI1564227,Facebook
KKE2676203,Snapchat
KKS2444994,Snapchat
KLM23106602,Instagram
KLT1531185,Instagram
KMI2654768,Facebook
KMJ2138682,Offline Campaign
KMM2530081,Instagram
KNA1340278,Google
KNB2533048,Instagram
KNC369465,Facebook
KNG1790585,Offline Campaign
KNM1690717,Instagram
KNN20107064,Instagram
KNV1660276,Snapchat
KNZ1698664,Facebook
KOF410071,Facebook
KON1219620,Facebook
KOP1489850,Facebook
KOW322809,Instagram
KOX2055434,Organic
KPQ672528,Organic
KPS757729,Offline Campaign
KPU199948,Facebook
KPU2045513,Snapchat
KQF1541901,Instagram
KQF2531548,Instagram
KQG2472921,Organic
KQS2364506,Organic
KRC1527615,Facebook
KRJ296717,Organic
KRP78385,Instagram
KRP898334,Offline Campaign
KRR2029067,Facebook
KSA125254,Snapchat
KSA1825410,Offline Campaign
KSE13100983,Facebook
KSI2356313,Facebook
KSN190645,Organic
KSQ2516185,Instagram
KST1393960,Organic
KST28307,Organic
KSU846119,Google
KSY1039255,Organic
KTC188377,Facebook
KTC2323145,Facebook
KTK16100998,Facebook
KTM149675,Offline Campaign
KTV675183,Offline Campaign
KTW1375981,Organic
KUC1529091,Google
KUD1272708,Snapchat
KUH2533828,Google
KUP1220949,Snapchat
KUX2537446,Offline Campaign
KVK2638343,Offline Campaign
KVP1131320,Google
KVS1691260,Instagram
KVS975696,Snapchat
KVX1967227,Offline Campaign
KVZ738739,Facebook
KWA208958,Instagram
KWC6108936,Facebook
KWR2370086,Snapchat
KWY232853,Instagram
KXA615162,Instagram
KXD354207,Google
KXJ1191824,Facebook
KXL1739930,Snapchat
KYL1665859,Instagram
KYM759544,Snapchat
KYN966759,Offline Campaign
KZC7102816,Snapchat
KZE211325,Instagram
KZH476341,Instagram
KZJ17392,Offline Campaign
KZR1677055,Facebook
KZR813158,Offline Campaign
KZU197548,Facebook
KZX2451438,Snapchat
LAA678837,Snapchat
LAK1165898,Facebook
LAM14107226,Snapchat
LAP1458068,Facebook
LAT2377655,Snapchat
LBB822431,Facebook
LBD1418759,Instagram
LBD2124333,Facebook
LBG280478,Instagram
LBQ10103341,Facebook
LCC2218240,Offline Campaign
LCE170446,Snapchat
LCF2118879,Instagram
LCG927561,Facebook
LCL1147943,Facebook
LCT149350,Snapchat
LCZ2487216,Snapchat
LCZ373533,Organic
LDB107509,Google
LDK612420,Offline Campaign
LDN536471,Instagram
LDO2014178,Facebook
LDV698241,Snapchat
LEC2088269,Facebook
LEC710221,Offline Campaign
LEJ2331875,Offline Campaign
LEU2123343,Snapchat
LEZ1452203,Instagram
LFH2442534,Organic
LFH2551354,Offline Campaign
LFI528563,Organic
LFP396582,Instagram
LFT1483076,Snapchat
LGE2341292,Instagram
LGK637047,Google
LGM1108390,Snapchat
LGP763000,Snapchat
LGY821267,Organic
LHM1657240,Instagram
LHT99387,Google
LHV370665,Google
LIE24108276,Instagram
LIM1983991,Instagram
LIN158182,Organic
LIO9106872,Instagram
LIR2553838,Offline Campaign
LJC1182761,Instagram
LJC2472729,Instagram
LJJ8103713,Facebook
LJS699876,Google
LJS847745,Offline Campaign
LKO364194,Instagram
LKU150952,Facebook
LKV24108822,Organic
LLB15101469,Instagram
LLI2103677,Google
LLP266942,Snapchat
LLW345654,Organic
LLZ11102108,Offline Campaign
LLZ2611121,Instagram
LMJ985386,Google
LND790090,Snapchat
LNF2100458,Facebook
LNH742051,Google
LNM627531,Facebook
LNS1153349,Offline Campaign
LNU1635949,Instagram
LNW1128743,Offline Campaign
LNX1966510,Facebook
LOH1294563,Instagram
LOH1388665,Instagram
LOL1250967,Organic
LOO382698,Organic
LPJ2196039,Facebook
LPN5106638,Google
LPO2245594,Instagram
LPP2486574,Offline Campaign
LPR2052749,Google
LPX920853,Offline Campaign
LPZ917793,Facebook
LQC399111,Offline Campaign
LQH7102504,Google
LQK77449,Organic
LQP799969,Facebook
LQQ1613539,Offline Campaign
LQR2248171,Offline Campaign
LQT1045399,Offline Campaign
LRC1929424,Snapchat
LRC2452413,Snapchat
LRD14101595,Instagram
LRF815957,Organic
LRQ1299324,Google
LRU2579545,Organic
LRY577565,Facebook
LRZ1187054,Snapchat
LSO627177,Organic
LSQ555140,Instagram
LSR1195634,Instagram
LSU1446632,Facebook
LTB1840935,Snapchat
LTC579500,Facebook
LTE330705,Offline Campaign
LTI669639,Offline Campaign
LTP1268583,Instagram
LTU936921,Offline Campaign
LUB88529,Google
LUJ353733,Snapchat
LUR2083655,Facebook
LUS145987,Instagram
LUV1833114,Instagram
LUW560078,Instagram
LUY982467,Instagram
LUZ2173440,Google
LVB479707,Snapchat
LVE1713020,Organic
LVE2241514,Facebook
LVJ18100413,Offline Campaign
LWB1120634,Instagram
LWC1120277,Offline Campaign
LWC2012150,Offline Campaign
LWC636234,Offline Campaign
LWF2108387,Organic
LWG2284723,Facebook
LWI4102294,Facebook
LWM264053,Organic
LWR118015,Offline Campaign
LWU1849542,Instagram
LXB2426064,Google
LXE2444121,Snapchat
LXI1996351,Offline Campaign
LXI763459,Facebook
LXK1262496,Facebook
LXP1036573,Offline Campaign
LXV2320613,Offline Campaign
LXX594743,Offline Campaign
LXY1117955,Offline Campaign
LXZ548798,Offline Campaign
LYA2110380,Snapchat
LYK1027810,Organic
LYN21106821,Facebook
LYR2179509,Instagram
LYT1868517,Organic
LYT657408,Instagram
LZC1843644,Facebook
LZC776683,Facebook
LZI1897287,Organic
LZN534260,Facebook
LZP2177964,Organic
LZQ1068532,Google
LZV17101358,Snapchat
MAE375429,Organic
MAH587801,Organic
MAK1444487,Facebook
MAL937797,Instagram
MBM1154174,Offline Campaign
MBR818543,Offline Campaign
MCC262301,Organic
MCC939327,Google
MCO1884663,Facebook
MCR1378801,Facebook
MCR456181,Instagram
MCS1516446,Google
MCS1998643,Snapchat
MCZ117962,Organic
MDF1899804,Instagram
MDF2156772,Snapchat
MDI1439153,Google
MDO1753448,Snapchat
MDQ693972,Instagram
MDR329028,Organic
MDZ3106380,Facebook
MEA1728296,Facebook
MEI1411931,Instagram
MEM1333069,Facebook
MEZ2093711,Facebook
MFH1553973,Offline Campaign
MFV237644,Instagram
MFW1762463,Snapchat
MGA15101733,Organic
MGC1225449,Organic
MGD1228152,Offline Campaign
MGL343890,Snapchat
MGZ2252923,Instagram
MHI118018,Organic
MHP1636690,Instagram
MHY6104796,Facebook
MID87326,Snapchat
MIF2271280,Google
MIK1671508,Instagram
MIK2042717,Organic
MIM1297509,Facebook
MIS477988,Offline Campaign
MIU339429,Snapchat
MIU669690,Offline Campaign
MIW1339918,Snapchat
MJK644709,Instagram
MJM2064107,Instagram
MJM2390177,Instagram
MJX2280070,Snapchat
MKK1828833,Facebook
MKN1888995,Snapchat
MKS2019632,Snapchat
MKX2123625,Instagram
MKY319845,Facebook
MLC1235931,Offline Campaign
MLI837098,Google
MLM68187,Facebook
MLW1283097,Instagram
MMH371139,Snapchat
MML24106761,Instagram
MMP615363,Facebook
MMR781270,Google
MMS613074,Offline Campaign
MMV2095553,Offline Campaign
MNN1068751,Snapchat
MNQ344910,Offline Campaign
MNR1569315,Google
MOF389058,Google
MOI1638808,Instagram
MOI2325953,Instagram
MPC38205,Offline Campaign
MPI22103212,Facebook
MQJ774949,Snapchat
MQL2522659,Instagram
MQM727885,Offline Campaign
MQN1443473,Facebook
MQP20104577,Instagram
MQT11103953,Instagram
MQT972750,Google
MRH165925,Snapchat
MRQ1449116,Facebook
MSA981228,Offline Campaign
MSI18103563,Offline Campaign
MSJ2079812,Facebook
MSL1428383,Instagram
MSN758137,Offline Campaign
MSR2070068,Snapchat
MSX9102645,Facebook
MTD1756505,Facebook
MTE2621390,Offline Campaign
MTI2259067,Facebook
MTR2625317,Facebook
MTV2495484,Google
MUS2368196,Offline Campaign
MVI66948,Organic
MVO126862,Google
MVQ24107088,Google
MVS4107379,Instagram
MVT1267308,Facebook
MWF262850,Google
MWG914568,Instagram
MWI1964689,Snapchat
MWI980442,Google
MWJ239723,Facebook
MWJ2638082,Facebook
MWQ2635094,Facebook
MXE1236987,Organic
MXH925446,Organic
MXN2634617,Organic
MXQ563795,Google
MYD1458629,Offline Campaign
MYE685815,Organic
MYF1104805,Snapchat
MYK1157105,Snapchat
MYM2553439,Snapchat
MZJ1197335,Offline Campaign
MZN659796,Facebook
MZP8102525,Offline Campaign
MZP915612,Snapchat
MZQ1463108,Offline Campaign
MZS1388884,Organic
NAB398967,Snapchat
NAC2054078,Offline Campaign
NAG5105843,Instagram
NAG7105552,Organic
NAH2448675,Offline Campaign
NAL238223,Facebook
NAN1818090,Instagram
NAP2592796,Instagram
NAS1940221,Instagram
NAT718099,Facebook
NAW1525140,Organic
NAX1060864,Snapchat
NBA794506,Snapchat
NBD2122824,Facebook
NBH929952,Facebook
NBK1949884,Snapchat
NBT729187,Snapchat
NBW1967707,Snapchat
NBX913779,Facebook
NCA2046995,Instagram
NCC1570668,Snapchat
NCD678108,Instagram
NCE2613419,Snapchat
NCJ1659676,Offline Campaign
NCJ2658812,Offline Campaign
NCR2123934,Instagram
NDL853169,Organic
NDS2353913,Offline Campaign
NDT2485677,Organic
NDZ1577229,Facebook
NEF2534689,Facebook
NEM2058353,Organic
NEW2024543,Organic
NFG18106944,Offline Campaign
NFK1022257,Google
NGC457846,Snapchat
NGG2393105,Snapchat
NGN1557885,Snapchat
NGQ1160438,Offline Campaign
NGZ418579,Google
NHA1947136,Offline Campaign
NHC564647,Facebook
NHF137962,Instagram
NHF615717,Instagram
NHN1313233,Instagram
NHS107788,Instagram
NHT1192412,Google
NID815603,Organic
NIH1967455,Snapchat
NIK23108729,Organic
NIQ10106377,Snapchat
NIR117985,Instagram
NIU12109119,Google
NJA9106341,Instagram
NJH370608,Offline Campaign
NJJ109213,Facebook
NJK240422,Snapchat
NJO2199792,Offline Campaign
NJP2123694,Snapchat
NJQ178693,Facebook
NKA1727384,Instagram
NKI2372312,Instagram
NKI2418342,Facebook
NKK1377478,Google
NKQ2434659,Google
NKR517349,Snapchat
NLB2357183,Instagram
NLK2268691,Instagram
NLN793333,Offline Campaign
NLU1320679,Offline Campaign
NLW374946,Offline Campaign
NLY1054024,Snapchat
NMF1215969,Organic
NMG6106467,Offline Campaign
NMI545666,Instagram
NML214175,Facebook
NML230618,Organic
NMQ2434776,Google
NMT2232370,Offline Campaign
NMT840413,Offline Campaign
NNF1291971,Offline Campaign
NNH1023682,Instagram
NNP1974343,Instagram
NNP3100773,Facebook
NNQ1050616,Organic
NNQ177829,Facebook
NNU168493,Organic
NNZ832718,Facebook
NOA1236585,Offline Campaign
NOK1615573,Instagram
NOM1698172,Instagram
NOM2023133,Organic
NON1689103,Offline Campaign
NPB2131665,Organic
NPO2334503,Google
NPP7105693,Offline Campaign
NQG1830075,Offline Campaign
NQJ1729469,Snapchat
NQK1169570,Snapchat
NQM134638,Facebook
NQU741430,Instagram
NRM24101004,Snapchat
NRN1749047,Instagram
NSA2183514,Offline Campaign
NSB2128053,Organic
NSG986925,Offline Campaign
NST2323250,Snapchat
NSV2421435,Instagram
NSY1410896,Facebook
NTA2359076,Facebook
NTD10103278,Google
NTE138118,Instagram
NTM484549,Instagram
NUB1610968,Snapchat
NUC1949713,Facebook
NUD557711,Facebook
NUE930597,Organic
NUJ2443854,Facebook
NUK396972,Offline Campaign
NUM2261266,Facebook
NVB2265307,Instagram
NVF1225269,Google
NVK1031347,Google
NVO2519704,Instagram
NWB1859205,Instagram
NWC921900,Instagram
NWD2012387,Offline Campaign
NWL2067761,Instagram
NWM23108789,Offline Campaign
NWU22102339,Instagram
NXE1850604,Facebook
NXE820616,Snapchat
NXF522458,Instagram
NXK936165,Facebook
NXP69651,Instagram
NXT1718063,Facebook
NYB1532937,Offline Campaign
NYS443011,Organic
NYU2653865,Snapchat
NYX1344793,Offline Campaign
NZC2319923,Facebook
NZK1945951,Snapchat
NZK2027000,Snapchat
NZR1798205,Snapchat
NZT8104025,Snapchat
NZV1265265,Instagram
OAD2420247,Instagram
OAE274280,Organic
OAM2280280,Snapchat
OAO137026,Google
OAR674982,Facebook
OAS1339975,Offline Campaign
OAW2182074,Offline Campaign
OBB554819,Offline Campaign
OBC1827948,Instagram
OBE2211274,Facebook
OBK2358488,Instagram
OBP2037134,Instagram
OBS1528356,Snapchat
OBS280619,Instagram
OBX2133846,Facebook
OCA1831683,Facebook
OCM2168010,Google
OCO2699288,Organic
OCP1846467,Facebook
OCV2493486,Snapchat
OCW987321,Organic
ODB59090,Instagram
ODB834719,Snapchat
ODG1034371,Offline Campaign
ODL3107394,Offline Campaign
ODO1265328,Facebook
ODP111979,Snapchat
ODP337260,Snapchat
OEG1256796,Google
OEH2453508,Snapchat
OEQ2059748,Snapchat
OEW1495862,Offline Campaign
OFJ995391,Organic
OFM414043,Facebook
OFU2477424,Snapchat
OFV1175426,Organic
OGD1659100,Offline Campaign
OGK986697,Instagram
OGL210395,Organic
OGZ2330672,Facebook
OHB2437005,Organic
OHE20103512,Snapchat
OHH149021,Instagram
OHJ1250517,Snapchat
OHX269318,Offline Campaign
OIE245525,Facebook
OIG234248,Organic
OIG2441010,Google
OII227941,Google
OIS1399657,Instagram
OIV912297,Google
OJE629109,Instagram
OJI473428,Offline Campaign
OJK2669258,Offline Campaign
OJK416170,Facebook
OJN1335016,Snapchat
OJO343911,Snapchat
OJT2098754,Snapchat
OKB1097212,Organic
OKF459172,Snapchat
OKS1976293,Instagram
OKS2288479,Offline Campaign
OKT2619848,Offline Campaign
OKV1935154,Offline Campaign
OLC2177541,Snapchat
OLP1797101,Google
OLS2366420,Snapchat
OLV1530984,Instagram
OLV772366,Google
OLW795244,Facebook
OME549641,Snapchat
OMG56822,Google
OMI13104334,Instagram
OMO13100014,Facebook
ONC640761,Instagram
ONG1987609,Offline Campaign
ONJ2286493,Facebook
ONK14103299,Facebook
ONK1687459,Snapchat
ONN2489832,Google
ONN2567803,Google
ONS118772,Organic
OOC1796264,Facebook
OOD1676089,Offline Campaign
OOH853598,Snapchat
OOI1923703,Offline Campaign
OOP1049806,Snapchat
OPG482560,Snapchat
OPH427279,Facebook
OPI376470,Google
OPN1321708,Instagram
OPP386337,Organic
OPR599348,Instagram
OQK338481,Offline Campaign
OQN487012,Organic
OQQ122815,Snapchat
OQR187557,Google
ORB671226,Facebook
ORL1721663,Organic
ORS1154591,Facebook
ORS2080274,Google
ORT518405,Snapchat
OSG926859,Facebook
OSL2124081,Organic
OSL850553,Snapchat
OSS20101370,Offline Campaign
OSU1441346,Snapchat
OSU1990642,Instagram
OSW528557,Google
OTQ2091578,Instagram
OTR21106632,Google
OTX2072957,Offline Campaign
OTZ1761659,Snapchat
OUF24104685,Snapchat
OUG810773,Snapchat
OUI131479,Organic
OUS452230,Google
OVC2028686,Facebook
OVH429433,Google
OVQ1933975,Instagram
OVQ430384,Facebook
OVR1068427,Offline Campaign
OVV2087447,Offline Campaign
OWQ2441526,Offline Campaign
OXF941703,Offline Campaign
OXN22100989,Snapchat
OXO157909,Instagram
OXR538001,Instagram
OXU2284885,Snapchat
OXV10102840,Instagram
OXX2320469,Google
OYF1483976,Facebook
OYZ1579971,Instagram
OZN952011,Offline Campaign
OZS1051201,Instagram
OZS2083382,Instagram
OZT860747,Instagram
OZY22108357,Organic
PAB122530,Google
PAF1880172,Snapchat
PAR1960189,Snapchat
PAZ1034245,Facebook
PAZ1848090,Facebook
PBA128211,Google
PBB1586184,Offline Campaign
PBB2648120,Google
PBC2377391,Google
PBD1882512,Facebook
PBE728632,Facebook
PBN2096354,Offline Campaign
PBZ1262331,Offline Campaign
PCB19100725,Offline Campaign
PCC217254,Instagram
PCM352116,Google
PCP1416659,Facebook
PCS1012468,Organic
PCW2548282,Google
PDD1316326,Organic
PDG567422,Snapchat
PDH1114814,Google
PDM1332046,Snapchat
PDX2527108,Instagram
PDY1849509,Offline Campaign
PEC1072840,Facebook
PEC1552917,Facebook
PEE795235,Instagram
PEG1059364,Snapchat
PEK1015666,Google
PET2597134,Snapchat
PFA2525989,Offline Campaign
PFD1972966,Organic
PFG367896,Offline Campaign
PFH2115510,Facebook
PFK1425842,Facebook
PFO2039984,Organic
PFR816122,Snapchat
PGB853715,Organic
PGY1156886,Offline Campaign
PHC2632019,Instagram
PHE1489748,Snapchat
PHG1448444,Offline Campaign
PHN894530,Snapchat
PHP2017517,Google
PHR1455506,Instagram
PIJ652473,Organic
PIP10108030,Google
PIV840356,Instagram
PIW1787111,Offline Campaign
PIZ914319,Instagram
PJI574352,Google
PJK2289376,Instagram
PJS582350,Snapchat
PJT2170377,Offline Campaign
PJY1711907,Google
PKC1527117,Snapchat
PKG1100986,Google
PKH2019008,Organic
PKI1018834,Facebook
PKP890885,Instagram
PKS1843347,Instagram
PKS2297365,Facebook
PKY238103,Offline Campaign
PLQ2072825,Offline Campaign
PLT984303,Facebook
PMC1269858,Offline Campaign
PMG554969,Instagram
PMK358386,Offline Campaign
PMR1532085,Snapchat
PMX1376566,Google
PMY78943,Organic
PNF1842066,Snapchat
PNR211652,Organic
PNR599858,Google
PNT11105501,Instagram
PNT1437083,Instagram
PNW562559,Instagram
POB19108036,Facebook
POG259978,Organic
POJ21100572,Offline Campaign
POP1355980,Facebook
POS5101607,Facebook
POV470881,Snapchat
POZ1737470,Offline Campaign
PPB16108351,Facebook
PPF525431,Facebook
PPM2699498,Offline Campaign
PPP1077352,Facebook
PPP1631806,Snapchat
PPV1741244,Snapchat
PQE2657720,Facebook
PQS849197,Snapchat
PQY2121393,Offline Campaign
PRA8104904,Snapchat
PRP8101217,Offline Campaign
PRQ1197068,Google
PRW2297077,Instagram
PSO1444067,Snapchat
PSQ2255956,Instagram
PSQ2348720,Instagram
PSR2129679,Snapchat
PTH740350,Offline Campaign
PTK185662,Organic
PTR1645651,Offline Campaign
PTU967599,Facebook
PTV450766,Google
PTX2666612,Google
PTZ1943866,Snapchat
PTZ4107241,Facebook
PUG166720,Facebook
PUJ1877661,Instagram
PUK2627942,Google
PUL1153532,Snapchat
PUV825506,Instagram
PVC880616,Instagram
PVD2284453,Facebook
PVD732481,Offline Campaign
PVH1741163,Snapchat
PVM12103314,Snapchat
PVO1527366,Instagram
PVP2020280,Facebook
PVU2041823,Google
PVW731515,Offline Campaign
PVZ1683094,Facebook
PWC1108177,Organic
PWF217256,Instagram
PWH2063756,Instagram
PWU2540167,Snapchat
PWY899279,Snapchat
PXA1780085,Instagram
PXC2062073,Google
PXQ348006,Facebook
PXR140824,Facebook
PXS1282965,Instagram
PXV2343806,Snapchat
PYC1217187,Google
PYG1213254,Snapchat
PYG9102402,Snapchat
PYL325941,Offline Campaign
PYO248030,Instagram
PYO26106974,Organic
PYQ767530,Facebook
PYR1333030,Snapchat
PYR1784429,Facebook
PYZ1248684,Snapchat
PZE330813,Offline Campaign
PZF2067974,Google
PZT1529730,Google
PZX1579200,Facebook
QAD12108372,Facebook
QAF2381636,Snapchat
QAH23101247,Google
QBM1482464,Facebook
QBO413764,Google
QCA1441772,Organic
QCH2177154,Instagram
QCI2649743,Offline Campaign
QDD1930060,Google
QDG2453160,Organic
QDM2452125,Facebook
QDT1454543,Offline Campaign
QDT423901,Organic
QDU144235,Instagram
QDV1757492,Google
QDY2553658,Organic
QEB2168565,Snapchat
QED2592967,Facebook
QEF2346302,Organic
QEK1193927,Facebook
QFC990714,Instagram
QFH1016545,Offline Campaign
QFJ19108108,Facebook
QGE2356691,Snapchat
QGE862652,Google
QGK722722,Instagram
QGM2231203,Organic
QGV1958272,Offline Campaign
QGX241418,Organic
QHF294818,Facebook
QHG1957915,Instagram
QHI2518750,Instagram
QHN1334188,Snapchat
QHR387849,Instagram
QHV1562343,Organic
QIO223397,Offline Campaign
QIR1825515,Google
QIS17109512,Instagram
QIT1982836,Facebook
QIU108655,Facebook
QIX221405,Snapchat
QJB810296,Snapchat
QJC186783,Organic
QJK1091659,Offline Campaign
QJM1130966,Snapchat
QJT2163948,Organic
QJT2643041,Instagram
QKH536825,Google
QKO1999456,Offline Campaign
QKQ2697584,Snapchat
QKW1237905,Offline Campaign
QLH1155161,Offline Campaign
QLJ10105912,Instagram
QLZ139762,Organic
QLZ17104160,Offline Campaign
QMA891845,Offline Campaign
QME2039633,Organic
QMF16101049,Offline Campaign
QMJ922017,Instagram
QMM638694,Instagram
QMQ2651837,Facebook
QMT1512465,Offline Campaign
QMU2171262,Offline Campaign
QNB142216,Facebook
QNH187558,Organic
QNJ2280577,Snapchat
QNJ8100257,Instagram
QNM948372,Offline Campaign
QNW1142201,Instagram
QOF2559130,Google
QOH12102681,Organic
QOO1341286,Facebook
QOU1533891,Organic
QPB2111889,Organic
QPP10100575,Offline Campaign
QPT1965862,Facebook
QQN1672897,Snapchat
QQV394101,Offline Campaign
QQW470359,Google
QRS991440,Snapchat
QRV460399,Offline Campaign
QRW2547292,Facebook
QRY1543977,Instagram
QSE2165835,Offline Campaign
QSF1119464,Organic
QSK1363870,Facebook
QSL522803,Google
QSN2094017,Facebook
QSO2297497,Facebook
QST2120559,Google
QSU929562,Snapchat
QSW2349812,Offline Campaign
QSY222407,Organic
QTE149741,Instagram
QTF442570,Offline Campaign
QTR2687825,Instagram
QTV796297,Snapchat
QUO2615723,Offline Campaign
QUW282161,Facebook
QVH10107391,Snapchat
QVJ398439,Facebook
QVN410377,Organic
QVP2097779,Instagram
QWF3108630,Instagram
QWJ1517946,Instagram
QWQ110116,Instagram
QWR526589,Google
QWT1558332,Instagram
QWV1719350,Facebook
QWW586751,Offline Campaign
QWX13104520,Facebook
QWZ1048489,Instagram
QXD1352131,Facebook
QXE20104628,Snapchat
QXI11105177,Facebook
QXS19105279,Instagram
QXT1887921,Facebook
QYB2072648,Offline Campaign
QYD11101364,Offline Campaign
QYM1319359,Instagram
QYN1410287,Offline Campaign
QYW1796252,Instagram
QZE1325650,Organic
QZL2470059,Offline Campaign
QZM581399,Instagram
RAC1317325,Instagram
RAN1106956,Organic
RAY1485461,Google
RBI2278645,Organic
RBW1941859,Instagram
RBX765166,Facebook
RCB2126625,Organic
RCD771283,Instagram
RCJ592697,Facebook
RCN273707,Offline Campaign
RCO1369012,Snapchat
RCO2034656,Instagram
RCQ1592004,Google
RCQ18102171,Instagram
RCQ1981588,Offline Campaign
RDG1544802,Snapchat
RDK810473,Google
RDO1583862,Snapchat
RDP1327510,Offline Campaign
RDY1014199,Snapchat
REB1825113,Organic
REC765232,Instagram
REU2463345,Snapchat
REV1874271,Facebook
REW23102615,Snapchat
RFH1916833,Snapchat
RFI546911,Organic
RFN2477379,Instagram
RGL2372156,Instagram
RGP1074106,Offline Campaign
RGP213395,Facebook
RGX1664494,Google
RGZ2419374,Google
RHD152233,Offline Campaign
RHU2320673,Instagram
RID117904,Organic
RIH1553748,Snapchat
RIH211496,Snapchat
RII1788104,Instagram
RIN2589982,Instagram
RIN452461,Facebook
RIP2080472,Instagram
RIR2154285,Google
RJG845018,Organic
RJH1298940,Instagram
RJT2487276,Organic
RKE873032,Offline Campaign
RKF1243269,Offline Campaign
RKG2253772,Facebook
RKH1059010,Organic
RKK1910191,Snapchat
RKL1261248,Snapchat
RKN539177,Snapchat
RKQ674898,Snapchat
RKU238787,Organic
RLK164158,Instagram
RLL2334119,Snapchat
RLT1660096,Instagram
RLT1970503,Facebook
RLV173854,Snapchat
RLY2153028,Offline Campaign
RMB2388284,Google
RME2655278,Offline Campaign
RMK1576674,Instagram
RMR252368,Facebook
RMW175534,Facebook
RNG2213719,Facebook
RNH426538,Snapchat
RNI877109,Snapchat
RNL927378,Google
RNM2155836,Organic
RNO2469186,Snapchat
RNW1047121,Offline Campaign
ROP1884207,Google
ROP2334374,Instagram
ROS1124876,Google
ROY2557009,Instagram
RPB1460366,Facebook
RPG543704,Offline Campaign
RPW1555353,Instagram
RPY482155,Snapchat
RPZ1924015,Facebook
RPZ215918,Google
RQI268466,Snapchat
RQJ293393,Facebook
RQK1092610,Offline Campaign
RQQ1427852,Offline Campaign
RQY2310476,Google
RRA1025824,Offline Campaign
RRA1768619,Offline Campaign
RRC2430678,Facebook
RRK1235751,Offline Campaign
RRP2089034,Offline Campaign
RRQ1148840,Snapchat
RRR1057627,Organic
RRU1965796,Organic
RRY1083979,Snapchat
RSC1799774,Instagram
RSE1954072,Facebook
RSP2077526,Organic
RSQ2498319,Facebook
RSS1616719,Organic
RSU275189,Snapchat
RTF1297014,Offline Campaign
RTG2381057,Instagram
RTH177227,Organic
RTJ20104004,Snapchat
RTK2348243,Organic
RTP272375,Snapchat
RTT26101586,Instagram
RUD13101856,Snapchat
RUI1128707,Offline Campaign
RUL763726,Offline Campaign
RUM1384060,Snapchat
RUT1135637,Offline Campaign
RUV1084117,Instagram
RUX1365535,Facebook
RUY354873,Facebook
RUY394515,Snapchat
RVH1012990,Google
RVK647403,Google
RVP1248777,Organic
RVP2557132,Instagram
RVU114958,Snapchat
RWK664503,Facebook
RWM21103935,Snapchat
RWT1917967,Instagram
RWZ545798,Offline Campaign
RXC2228875,Snapchat
RXQ2187612,Facebook
RXQ829478,Offline Campaign
RXT984144,Offline Campaign
RXV157633,Google
RYB11107988,Snapchat
RYG2411808,Instagram
RYM2213401,Offline Campaign
RYQ97935,Facebook
RYS764434,Organic
RYV2572084,Instagram
RYY2447700,Instagram
RZC931710,Facebook
RZJ8104118,Facebook
RZN1410086,Organic
RZP1966063,Instagram
RZR1930714,Facebook
RZS1493384,Snapchat
SAA1453226,Offline Campaign
SAB352902,Google
SAC24106968,Google
SAD140572,Instagram
SAI2084558,Snapchat
SAV1177430,Snapchat
SAV2124858,Google
SBB1391353,Instagram
SBG2022788,Offline Campaign
SBG582863,Instagram
SBH1426271,Offline Campaign
SBI2517991,Facebook
SBL1083682,Instagram
SBP1834290,Facebook
SBQ1840611,Google
SBS990672,Google
SBT1671808,Google
SBX698265,Instagram
SBZ142093,Instagram
SCM1734221,Facebook
SCO652428,Offline Campaign
SCP1238769,Instagram
SCS374046,Facebook
SCV1755947,Offline Campaign
SCW2587471,Google
SDB651690,Snapchat
SDF1289874,Snapchat
SDH621477,Offline Campaign
SDI2460186,Instagram
SDI398445,Organic
SDK1417829,Instagram
SDL1350082,Offline Campaign
SDN315819,Offline Campaign
SDN543875,Offline Campaign
SEB853211,Facebook
SEI1882581,Snapchat
SEL129765,Offline Campaign
SEO144799,Offline Campaign
SET11103860,Snapchat
SEX180142,Snapchat
SEY1845252,Organic
SFJ1263333,Google
SFL740647,Organic
SFO1914718,Snapchat
SFP2024525,Google
SFY2238961,Instagram
SFY2580121,Snapchat
SFZ177658,Snapchat
SGI1281501,Instagram
SGK2266123,Snapchat
SGL1727420,Offline Campaign
SGM1363699,Google
SGN1921789,Google
SGT1769171,Instagram
SGU493657,Snapchat
SHA1248951,Facebook
SHB273575,Instagram
SHC1599747,Offline Campaign
SHI2297116,Offline Campaign
SHM2188902,Offline Campaign
SHN537608,Google
SHT2578729,Offline Campaign
SIB2223454,Google
SIH2332334,Organic
SIH6100473,Snapchat
SIN317013,Google
SIO169333,Facebook
SIR852572,Offline Campaign
SIS227837,Snapchat
SIU2499276,Facebook
SIU543992,Organic
SIZ187096,Offline Campaign
SJF1459391,Offline Campaign
SJF2435334,Instagram
SJI1164773,Organic
SJM630888,Snapchat
SJR1838346,Google
SJZ1285038,Facebook
SKH2679323,Offline Campaign
SKI1076074,Snapchat
SKO1851048,Facebook
SKP1513875,Facebook
SKP1817352,Offline Campaign
SKQ1758032,Instagram
SKU815633,Instagram
SKV124408,Facebook
SKX2158542,Facebook
SLD2047577,Organic
SLE1366000,Instagram
SLF1458839,Snapchat
SLJ778486,Offline Campaign
SLU3105831,Snapchat
SLV1777835,Google
SLZ1136306,Google
SME1869504,Organic
SMH246834,Facebook
SMP1929688,Facebook
SNB2345099,Organic
SNC2473677,Offline Campaign
SNE1024807,Google
SNG1734599,Facebook
SNH2620367,Google
SNK2313398,Instagram
SNL15108621,Offline Campaign
SNP4107265,Google
SOB19106749,Snapchat
SOG14109293,Instagram
SOJ384861,Organic
SOM1258758,Offline Campaign
SOM621081,Google
SPA2454816,Instagram
SPQ1562985,Snapchat
SPR518813,Offline Campaign
SPW2338661,Snapchat
SPY535244,Snapchat
SQB2365598,Instagram
SQL1870095,Snapchat
SQL2333546,Offline Campaign
SQX1710635,Instagram
SRB934353,Google
SRD743485,Facebook
SRE11106674,Google
SRR421726,Instagram
SRU880124,Instagram
SRY1369957,Instagram
SRY251711,Instagram
SRZ666303,Facebook
SSB685833,Instagram
SSD207101,Organic
SSD2690570,Snapchat
SSF23103437,Snapchat
SSQ1873314,Offline Campaign
SSU696342,Instagram
SSV128865,Google
STA1788002,Instagram
STA2414646,Facebook
STA345969,Instagram
STC863243,Instagram
STD1272558,Organic
STL1178504,Facebook
STP969975,Instagram
STZ13101751,Offline Campaign
SUA899018,Offline Campaign
SUJ879959,Instagram
SUM835316,Offline Campaign
SUP767752,Offline Campaign
SUU671370,Offline Campaign
SVA2112792,Facebook
SVD2348822,Facebook
SVI753163,Offline Campaign
SVO2257168,Facebook
SVP11101208,Offline Campaign
SVQ1192673,Organic
SVQ1743725,Offline Campaign
SVR1151492,Snapchat
SVS21104511,Offline Campaign
SVS515849,Organic
SVV474328,Organic
SVY8106299,Instagram
SVZ2493786,Offline Campaign
SWB769111,Offline Campaign
SWD1035019,Offline Campaign
SWF1841544,Instagram
SWN185950,Facebook
SWT959592,Snapchat
SWU1562718,Offline Campaign
SXB852386,Instagram
SXD2467029,Instagram
SXD374697,Organic
SXM215252,Instagram
SYA5104700,Facebook
SYI463738,Facebook
SYN58991,Instagram
SYP2628386,Facebook
SYT318597,Offline Campaign
SYU579524,Organic
SZG1696804,Facebook
TAA257842,Organic
TAD2533435,Snapchat
TAE23102369,Instagram
TAN2490912,Instagram
TAN624846,Snapchat
TBA5100542,Instagram
TBA787828,Offline Campaign
TBI21109116,Snapchat
TBJ2335814,Offline Campaign
TBL243551,Google
TBU188809,Instagram
TBX2556484,Offline Campaign
TBZ5107046,Instagram
TCA2323856,Organic
TCN448321,Organic
TCO2650976,Instagram
TCZ1105438,Facebook
TDC2253928,Offline Campaign
TDC2570314,Snapchat
TDH1397686,Organic
TDP775624,Google
TDT1463966,Offline Campaign
TFN595367,Snapchat
TFS2394683,Instagram
TFU1521279,Offline Campaign
TFX1395106,Google
TFX1576005,Snapchat
TGE9106104,Snapchat
TGL1495250,Instagram
TGL1567509,Instagram
TGP1141175,Facebook
TGP689460,Instagram
TGR1645279,Instagram
TGR1857204,Organic
TGW2091497,Snapchat
TGX1029427,Offline Campaign
TGZ281468,Instagram
THC2649158,Google
THD263822,Facebook
THH457414,Google
THJ2229955,Google
THT375564,Instagram
TIE376563,Google
TIG1119839,Snapchat
TII1365892,Organic
TII397347,Snapchat
TIL1278753,Instagram
TIM13109536,Snapchat
TIZ1129316,Organic
TIZ2673977,Instagram
TJG2087603,Offline Campaign
TJP1020406,Google
TJQ1941241,Facebook
TJT1327081,Instagram
TJU2666525,Organic
TKC21105894,Instagram
TKL2297065,Organic
TKQ11108288,Google
TLE1488662,Offline Campaign
TLG632139,Offline Campaign
TLP392091,Organic
TLS1336255,Snapchat
TLT412321,Snapchat
TLU2458521,Facebook
TLU5104838,Organic
TMA2325926,Instagram
TMK2089934,Instagram
TML510263,Snapchat
TMR25100011,Google
TMT1450658,Snapchat
TMT2558503,Facebook
TMV1585842,Offline Campaign
TMW523937,Google
TMX210335,Offline Campaign
TNO1948360,Offline Campaign
TNS1179956,Google
TNU1489568,Google
TNX1119566,Google
TOO342804,Snapchat
TOR1535169,Facebook
TOU1955698,Organic
TOU1981462,Organic
TOV1231107,Organic
TPA5100023,Instagram
TPC1086577,Offline Campaign
TPJ1993699,Organic
TPL119494,Snapchat
TPM1829571,Instagram
TPS1662028,Organic
TPS2251006,Instagram
TPX1696315,Offline Campaign
TPX969600,Instagram
TQA1534992,Instagram
TQK184684,Instagram
TQO20107529,Facebook
TQP426142,Snapchat
TQT2066618,Offline Campaign
TQY167677,Instagram
TRF161257,Snapchat
TRH1026913,Organic
TRJ2020913,Google
TRK1986541,Facebook
TRS960081,Google
TRT2172645,Facebook
TRT2444169,Instagram
TRV1370734,Offline Campaign
TSC2651276,Facebook
TSF6104268,Offline Campaign
TSI1560282,Facebook
TSK1759739,Offline Campaign
TSN536129,Facebook
TSS1145726,Facebook
TST1250754,Offline Campaign
TTA417685,Facebook
TTB378168,Snapchat
TTB580805,Offline Campaign
TTG385089,Facebook
TTJ518735,Instagram
TTZ1241919,Instagram
TTZ2029853,Instagram
TUA10105510,Snapchat
TUF1879749,Snapchat
TUS20104655,Facebook
TVC2578987,Offline Campaign
TVP2610440,Facebook
TVV88502,Organic
TVY318573,Google
TWG691986,Snapchat
TWJ1513902,Organic
TWM2525935,Snapchat
TWQ2544355,Instagram
TWU2162259,Facebook
TWZ411301,Snapchat
TXE687525,Instagram
TXI1396432,Instagram
TXK2136450,Facebook
TXL482200,Instagram
TXO2678639,Organic
TXT4105597,Google
TXU17108462,Instagram
TXV1251738,Organic
TXW486598,Google
TXX2215453,Facebook
TYA1551591,Organic
TYD824648,Offline Campaign
TYH1355314,Facebook
TYI1622632,Facebook
TYN598010,Instagram
TYW617451,Organic
TYZ1041934,Offline Campaign
TZI637827,Offline Campaign
TZJ2071844,Offline Campaign
TZN2091980,Offline Campaign
TZO2154936,Offline Campaign
TZP1242441,Snapchat
TZV943134,Google
TZY1692787,Snapchat
UAB1547910,Google
UAD2264449,Offline Campaign
UAJ1687339,Snapchat
UAO557351,Facebook
UBA1887075,Offline Campaign
UBH1190846,Snapchat
UBI1194335,Snapchat
UBR1396402,Instagram
UCA1113899,Offline Campaign
UCD396519,Facebook
UCR1783205,Offline Campaign
UCS2129412,Facebook
UCU11102252,Offline Campaign
UCV2288275,Offline Campaign
UDF1247670,Facebook
UDJ2029037,Snapchat
UEG2544895,Organic
UEK1127723,Instagram
UEM1631416,Snapchat
UEM2289295,Facebook
UEP17105846,Snapchat
UEU674127,Organic
UEV8107886,Instagram
UFG1098649,Instagram
UFH136609,Instagram
UFJ1595820,Offline Campaign
UFK1022602,Organic
UFT1248681,Offline Campaign
UFV715012,Facebook
UGA138472,Organic
UGH2579002,Facebook
UGK1056031,Instagram
UGT2392838,Facebook
UGU1785737,Facebook
UGU217817,Snapchat
UGY2325404,Offline Campaign
UHD10106335,Offline Campaign
UHW812648,Facebook
UHX2082089,Google
UIA1227105,Offline Campaign
UIC254864,Organic
UIG2140431,Facebook
UIJ1252704,Snapchat
UIM13104478,Organic
UIQ390468,Instagram
UIX1619608,Facebook
UIZ738577,Google
UJO2642426,Facebook
UJP139645,Snapchat
UJQ2451849,Offline Campaign
UJR1436021,Instagram
UKA1666951,Offline Campaign
UKF1077124,Google
UKN262274,Organic
UKS1827489,Facebook
UKV1365985,Facebook
UKV1774907,Snapchat
ULB278438,Organic
UMH994797,Instagram
UMP2391671,Google
UNC2432724,Snapchat
UNG39111,Google
UNI1290693,Offline Campaign
UNJ2319137,Facebook
UNJ795142,Snapchat
UNN2292424,Offline Campaign
UNS611139,Offline Campaign
UNU2580283,Offline Campaign
UOO274703,Instagram
UOO496765,Google
UOS2185695,Offline Campaign
UPD1918498,Facebook
UPE722923,Organic
UPG1868958,Snapchat
UPY455938,Offline Campaign
UQG684402,Google
UQL139033,Organic
URB1172117,Facebook
URB1670476,Organic
URC174292,Facebook
URF851132,Instagram
URH3104790,Facebook
URL430954,Snapchat
URT2536039,Instagram
URX2670263,Instagram
USD1776833,Google
USH1732439,Google
USI2632169,Organic
USK3102420,Snapchat
USS3100122,Facebook
USV16103065,Organic
UTC190450,Instagram
UTG935901,Offline Campaign
UTI1321159,Offline Campaign
UTL170386,Facebook
UTP2328023,Instagram
UTZ2130564,Organic
UUI911994,Offline Campaign
UUJ2333231,Offline Campaign
UUJ662724,Organic
UUN2240791,Instagram
UUS1132550,Instagram
UVL340620,Offline Campaign
UVV1231602,Instagram
UVX223085,Snapchat
UWC426652,Snapchat
UWN2527024,Offline Campaign
UWP2685314,Facebook
UWW246941,Facebook
UWW880406,Instagram
UXC691662,Offline Campaign
UXD2183529,Instagram
UXD7108738,Offline Campaign
UXE1883055,Instagram
UXH2492763,Organic
UXN178163,Offline Campaign
UXN879341,Offline Campaign
UXR1741133,Snapchat
UXW2349014,Offline Campaign
UXX2093834,Google
UYJ1850460,Organic
UYM394503,Google
UYR491155,Facebook
UYU2125614,Snapchat
UYU2433825,Google
UYX2196357,Organic
UYZ1198253,Snapchat
UZH787846,Organic
UZK26101772,Snapchat
UZR591128,Facebook
UZY2347901,Google
UZZ2128995,Facebook
VAG1726688,Organic
VAP2550139,Instagram
VAQ2687156,Snapchat
VBB2620370,Facebook
VBM1036615,Facebook
VBP2695265,Facebook
VBS2518354,Facebook
VBT375123,Instagram
VBT786259,Snapchat
VBV2179332,Google
VBY2474376,Offline Campaign
VCB2466360,Offline Campaign
VCD2275411,Offline Campaign
VCV1730282,Facebook
VDI248823,Organic
VDM22102249,Facebook
VDU2170260,Snapchat
VDX2565838,Snapchat
VEF1070212,Snapchat
VEH385977,Instagram
VEX1045582,Offline Campaign
VFO3104427,Offline Campaign
VFP460465,Organic
VFR2050856,Offline Campaign
VGD1112426,Snapchat
VGE1836156,Organic
VGK1616500,Facebook
VGS1977268,Organic
VGY2557120,Snapchat
VHD1265994,Facebook
VHE513602,Facebook
VHH935163,Offline Campaign
VHI1135160,Instagram
VHK2021522,Instagram
VHM1078003,Instagram
VHR846443,Organic
VHV1462070,Instagram
VHX774505,Offline Campaign
VIA2215306,Snapchat
VIA582335,Instagram
VIC1046107,Google
VIE7103896,Organic
VIK1068640,Facebook
VIK562838,Snapchat
VIN1428695,Google
VIN2226631,Instagram
VIQ859640,Snapchat
VIW366045,Snapchat
VIY371604,Offline Campaign
VIZ2398553,Facebook
VJE696822,Google
VJG1414211,Instagram
VJK2153757,Offline Campaign
VJT25103080,Facebook
VKC1553115,Instagram
VKG1832727,Google
VKI1652056,Facebook
VKQ1590741,Snapchat
VKS237431,Facebook
VKS458047,Instagram
VKT1183901,Instagram
VKZ148337,Facebook
VLF21109200,Snapchat
VLN2014787,Offline Campaign
VLT549956,Instagram
VLU3106941,Google
VLW5106596,Facebook
VMC1331329,Offline Campaign
VMD2137518,Snapchat
VME1774841,Instagram
VMJ576851,Google
VMM1661848,Facebook
VMO2242435,Instagram
VMP788590,Google
VMQ389241,Offline Campaign
VMV49303,Google
VNC1225341,Google
VND517253,Offline Campaign
VNE2117295,Organic
VNF459853,Facebook
VNG1950019,Instagram
VNH1535139,Google
VNJ410953,Facebook
VNQ11102624,Snapchat
VNV1757801,Snapchat
VOI1078321,Instagram
VOV1839369,Offline Campaign
VOW98565,Organic
VPE766168,Snapchat
VPF109954,Offline Campaign
VPG2319473,Google
VPJ1217727,Snapchat
VPN2633606,Organic
VPU472231,Facebook
VPV724462,Facebook
VPY2270851,Instagram
VQG1642597,Snapchat
VQO2595307,Facebook
VQQ1029040,Instagram
VQR886934,Organic
VQS2221588,Organic
VQU363879,Instagram
VRH483712,Facebook
VRL955062,Offline Campaign
VRV2671124,Snapchat
VSD473740,Google
VSE1080190,Offline Campaign
VSE613284,Google
VSG1583892,Facebook
VSK2317109,Instagram
VSO185533,Facebook
VSV2618525,Facebook
VTO968007,Offline Campaign
VTX419539,Offline Campaign
VUB1834743,Instagram
VUC149152,Organic
VUD1356961,Organic
VUJ1986571,Facebook
VUJ2552713,Facebook
VUM2110905,Snapchat
VUO1878360,Facebook
VUO511322,Organic
VUU1427966,Offline Campaign
VUZ2169147,Instagram
VVN2324234,Facebook
VVO490867,Google
VVR798982,Facebook
VVS1818837,Google
VVZ159271,Offline Campaign
VWB1937395,Organic
VWG2292574,Instagram
VWM1591374,Snapchat
VWR1755626,Facebook
VWZ1520868,Snapchat
VXE532394,Facebook
VXS115657,Snapchat
VXU172870,Snapchat
VXV2285368,Google
VYG2260147,Instagram
VYJ178613,Instagram
VYJ487594,Offline Campaign
VYO1021948,Organic
VYO344565,Instagram
VYS15103311,Offline Campaign
VYV2656793,Snapchat
VYV379152,Snapchat
VYX1072306,Instagram
VYX1260705,Offline Campaign
VZA1899411,Facebook
VZH1866897,Facebook
VZL1292688,Offline Campaign
VZL1697770,Facebook
WAD775792,Instagram
WAE965373,Google
WAG1359760,Facebook
WAH863381,Facebook
WAV357219,Google
WAY2664749,Offline Campaign
WBN23107772,Snapchat
WBO2012663,Snapchat
WBR672954,Google
WBU164005,Facebook
WCB534278,Facebook
WCG2511556,Snapchat
WCK263606,Facebook
WCQ2231410,Instagram
WCZ1712018,Google
WDE1131845,Organic
WDF185572,Organic
WDK2021648,Instagram
WDR1132643,Snapchat
WDW1864218,Offline Campaign
WDW1994410,Snapchat
WDX1746608,Instagram
WEM2321504,Offline Campaign
WEO765040,Instagram
WEP2695475,Offline Campaign
WEQ2563903,Instagram
WEV2061497,Snapchat
WEY197830,Organic
WEY2112684,Google
WFA568448,Organic
WFA769837,Snapchat
WFF1311211,Offline Campaign
WFK129441,Organic
WFL1623730,Offline Campaign
WFV317898,Instagram
WGD14105432,Instagram
WGF991326,Organic
WGN2619701,Snapchat
WGT435550,Facebook
WHF896750,Facebook
WHI2634839,Offline Campaign
WHQ1179755,Offline Campaign
WHR180319,Snapchat
WHS1948123,Offline Campaign
WHS2069972,Instagram
WHU1141151,Organic
WHU499477,Instagram
WHW1934650,Offline Campaign
WIC1752908,Snapchat
WIG2364815,Facebook
WIL933684,Google
WJM1223517,Organic
WJT2128488,Instagram
WJT968388,Instagram
WKK2540662,Google
WKL329574,Snapchat
WKM1177931,Google
WKN16105855,Snapchat
WKO1731902,Offline Campaign
WKQ568979,Instagram
WKS2030480,Offline Campaign
WKS885527,Snapchat
WKY1592472,Instagram
WKY2190168,Instagram
WLU951255,Facebook
WLZ426154,Offline Campaign
WMA1263747,Organic
WMA243398,Instagram
WME1656097,Organic
WMG2148357,Snapchat
WMI1678090,Instagram
WMN927870,Instagram
WMU1764443,Offline Campaign
WMY2381234,Snapchat
WMZ1673611,Google
WNH2543797,Google
WNL1565283,Offline Campaign
WNM954549,Offline Campaign
WNO20108195,Offline Campaign
WNQ1476026,Offline Campaign
WNR2459115,Offline Campaign
WNV1726265,Offline Campaign
WNV2513239,Offline Campaign
WNZ163057,Facebook
WOA175555,Facebook
WOC893306,Snapchat
WOG342774,Offline Campaign
WOK311913,Google
WOR2199780,Snapchat
WOV37074,Snapchat
WOX1661827,Instagram
WOY477649,Facebook
WPI283397,Organic
WPK2352830,Facebook
WPP1837920,Offline Campaign
WPX1435355,Instagram
WQH963801,Organic
WQI1448501,Offline Campaign
WQK2590192,Google
WQP1775462,Instagram
WQT2625617,Snapchat
WQV320862,Snapchat
WQW2683535,Offline Campaign
WRA1740374,Google
WRI1028728,Snapchat
WRK1974667,Snapchat
WRP1844013,Organic
WRT1554711,Instagram
WRW425965,Offline Campaign
WSK2072720,Snapchat
WSM1014727,Instagram
WSP2083238,Facebook
WTB2197689,Instagram
WTE8104418,Organic
WTM2127375,Offline Campaign
WTO56831,Offline Campaign
WTS1650607,Snapchat
WTZ1732478,Facebook
WTZ338592,Offline Campaign
WUB1078543,Instagram
WUC1358218,Snapchat
WUE155596,Facebook
WUK158127,Offline Campaign
WUO244697,Facebook
WUP2657264,Instagram
WUS2150049,Facebook
WUV2361614,Snapchat
WVK2387027,Snapchat
WVP1623061,Instagram
WVT2090933,Facebook
WWB671853,Offline Campaign
WWC2687762,Snapchat
WWC812033,Organic
WWG1315951,Offline Campaign
WWG239207,Facebook
WWH2238094,Facebook
WWM320250,Facebook
WWO1728482,Facebook
WWQ485404,Offline Campaign
WWT2172192,Offline Campaign
WWU1593477,Facebook
WWW819296,Google
WWY1882023,Instagram
WXE5107730,Snapchat
WXH324666,Organic
WXP1341364,Organic
WXR2047568,Snapchat
WYC928560,Instagram
WYD394365,Offline Campaign
WYG23102045,Offline Campaign
WYI119947,Offline Campaign
WYO934239,Offline Campaign
WYR1091290,Instagram
WYW2228758,Snapchat
WYW2251999,Instagram
WZD2288302,Facebook
WZD321126,Organic
WZD596933,Snapchat
WZH1113854,Instagram
WZH755662,Instagram
WZM1234848,Organic
WZN1283940,Offline Campaign
WZN1786046,Snapchat
WZV11100629,Snapchat
XAC14109449,Google
XAE1676638,Google
XAO1312258,Google
XAU23103998,Snapchat
XAX278834,Google
XBA2239396,Offline Campaign
XBD1514859,Snapchat
XBZ398022,Instagram
XCU5104238,Facebook
XCX2185884,Offline Campaign
XCX870470,Instagram
XCY773293,Organic
XDD546281,Snapchat
XDH1690603,Instagram
XDL1444943,Snapchat
XDQ585392,Facebook
XDR2356154,Instagram
XDV2668367,Offline Campaign
XDX921255,Snapchat
XEK2533384,Snapchat
XEO2349344,Google
XEO2484552,Snapchat
XEP1780445,Offline Campaign
XFC315768,Organic
XFT852218,Snapchat
XFX16108243,Facebook
XFX2072492,Snapchat
XGA474790,Facebook
XGJ1139531,Google
XGL479938,Google
XHD1529916,Offline Campaign
XHF16103125,Facebook
XHH1262172,Offline Campaign
XHH919803,Snapchat
XHI437845,Instagram
XHL1928134,Offline Campaign
XHN6103422,Instagram
XHT1820745,Instagram
XHV2058761,Facebook
XIG5100701,Offline Campaign
XII375039,Facebook
XIJ2420958,Instagram
XIK1313260,Organic
XIN1823247,Instagram
XIY524108,Google
XJA2229274,Snapchat
XJC1958554,Snapchat
XJF1439144,Snapchat
XJM1751384,Instagram
XJQ18100971,Google
XKC2315318,Offline Campaign
XKK570845,Organic
XKO186739,Facebook
XKT1855053,Google
XLA2491395,Snapchat
XLP1474307,Google
XLT20106050,Offline Campaign
XLU1153223,Instagram
XLU1288128,Instagram
XLV1579905,Google
XLW2512570,Google
XLX2566624,Facebook
XMA1195199,Snapchat
XMD2176746,Snapchat
XMH2480013,Facebook
XMK2315609,Snapchat
XMM1911850,Snapchat
XMM263291,Snapchat
XMP1410344,Organic
XNC2666381,Instagram
XNH898880,Snapchat
XNK194338,Instagram
XNP19106689,Facebook
XNS2236465,Facebook
XNS438376,Offline Campaign
XOF2012723,Organic
XOG239693,Organic
XOG811856,Facebook
XOP2112867,Organic
XPA2654423,Facebook
XPE17107493,Facebook
XPE498400,Instagram
XPL2649818,Offline Campaign
XPT2688914,Facebook
XPU316323,Instagram
XPY2067701,Offline Campaign
XQA1142549,Google
XQB944610,Google
XQJ328176,Google
XQM16100710,Snapchat
XQN1266024,Facebook
XRE1797398,Instagram
XRE958149,Instagram
XRG2124960,Facebook
XRR2383016,Facebook
XRW1398511,Organic
XRZ24106650,Offline Campaign
XSA2151360,Offline Campaign
XSI1349689,Instagram
XSL18108975,Facebook
XSP1582764,Facebook
XSP710818,Organic
XSQ1944583,Instagram
XSR397560,Facebook
XSS2618528,Google
XSU1343419,Google
XTM170017,Instagram
XTN13103335,Offline Campaign
XTN17102597,Offline Campaign
XTO530132,Facebook
XTS1422437,Facebook
XUP418417,Offline Campaign
XUQ2377082,Facebook
XUX668403,Snapchat
XUY169819,Snapchat
XUZ3105276,Offline Campaign
XVP1274829,Instagram
XVT390210,Instagram
XVU1551165,Snapchat
XVY1773497,Instagram
XVZ615561,Google
XWA818798,Instagram
XWD1179995,Offline Campaign
XWJ2642381,Snapchat
XWM2631530,Facebook
XWP1518423,Facebook
XXE6107175,Offline Campaign
XXF1745891,Offline Campaign
XXQ2114052,Facebook
XXV119663,Google
XYB1743839,Snapchat
XYC2191245,Snapchat
XYC963555,Facebook
XYF366531,Offline Campaign
XYS3106089,Snapchat
XYU2524957,Snapchat
XYZ1546416,Organic
XZA1523607,Instagram
XZA380286,Facebook
XZD2015543,Offline Campaign
XZT2055119,Instagram
YAF318999,Snapchat
YAV1557783,Instagram
YAV826781,Facebook
YAX1730309,Facebook
YBI15101529,Facebook
YBO1874124,Offline Campaign
YBQ2383568,Snapchat
YBR1913956,Google
YBV1270761,Snapchat
YCJ1591197,Instagram
YCQ667191,Facebook
YCS268829,Instagram
YCW1723790,Facebook
YCY13106851,Offline Campaign
YDE2049902,Offline Campaign
YDL97113,Instagram
YDW1836801,Google
YDY2193213,Facebook
YEA15109446,Offline Campaign
YEH2237833,Snapchat
YEI2319287,Offline Campaign
YEY9102696,Offline Campaign
YFG134443,Facebook
YFJ1737095,Facebook
YFP947802,Offline Campaign
YFR1281342,Instagram
YFX1129448,Offline Campaign
YFX2269864,Snapchat
YFZ1582842,Snapchat
YGA374214,Offline Campaign
YGK1622596,Google
YGN1023826,Offline Campaign
YGQ79909,Offline Campaign
YGS1164422,Snapchat
YGS1553559,Offline Campaign
YGW1771763,Google
YGX840041,Organic
YHA1334416,Facebook
YHF1764437,Organic
YHI1657111,Facebook
YHL1588869,Snapchat
YHN1186250,Google
YHO1992184,Facebook
YHV247932,Google
YIH1443635,Instagram
YIL1565421,Facebook
YIN487033,Instagram
YIS1814874,Snapchat
YIT184981,Snapchat
YIW1993189,Google
YIX149710,Offline Campaign
YJE1492949,Organic
YJG1470266,Instagram
YJI26108867,Snapchat
YJR2361353,Offline Campaign
YJR444475,Organic
YKB698322,Snapchat
YKC1347997,Snapchat
YKC1779890,Organic
YKP2096276,Google
YKP2359946,Organic
YKS20108741,Snapchat
YKX654252,Facebook
YLS1572852,Snapchat
YLX2550928,Facebook
YLZ26107274,Organic
YMK16104583,Facebook
YMM26103698,Offline Campaign
YNE557201,Google
YNF782488,Facebook
YNG2476569,Snapchat
YNH13103785,Snapchat
YNI24106356,Instagram
YNN446548,Facebook
YNR374679,Offline Campaign
YNT1363618,Instagram
YNU977850,Instagram
YNW267470,Snapchat
YOC998046,Organic
YOG2585518,Google
YOO1628005,Snapchat
YOP778705,Snapchat
YOU234995,Snapchat
YOZ831962,Organic
YPA206849,Organic
YPD206813,Google
YPE136558,Google
YPH2165616,Facebook
YPI821147,Google
YQA2391470,Instagram
YQG1684396,Instagram
YQQ746446,Offline Campaign
YQR644514,Facebook
YQT158661,Google
YQV1467824,Instagram
YRA2257669,Offline Campaign
YRX1041466,Organic
YRY1020787,Offline Campaign
YSL1735691,Offline Campaign
YSM16104673,Facebook
YTA440788,Google
YTD699729,Google
YTD875777,Instagram
YTE1230117,Organic
YTG2384213,Snapchat
YTR730762,Instagram
YTU1658785,Facebook
YTV444481,Offline Campaign
YUJ614964,Facebook
YUN2654006,Snapchat
YUT2058233,Instagram
YVB20107367,Instagram
YVF251600,Instagram
YVF559334,Snapchat
YVM10108573,Google
YVV2066543,Snapchat
YVX1586550,Offline Campaign
YVX2444052,Facebook
YWJ352401,Offline Campaign
YWW1869453,Google
YXE970719,Facebook
YXF2478750,Instagram
YXJ6102783,Snapchat
YXP1714328,Facebook
YXR2150796,Facebook
YYC2555878,Instagram
YYI1475645,Facebook
YYJ361005,Facebook
YYK596966,Snapchat
YYO1424489,Facebook
YZD1027699,Instagram
YZF1242222,Snapchat
YZM1142408,Offline Campaign
YZR1993639,Offline Campaign
YZX886568,Offline Campaign
YZZ484177,Snapchat
ZAA1168592,Instagram
ZAF1239027,Organic
ZAN2012183,Organic
ZAW2426436,Offline Campaign
ZAY1163573,Snapchat
ZAY269873,Google
ZBH2556475,Facebook
ZBJ245972,Instagram
ZCA177053,Google
ZCC2261377,Organic
ZCF2614487,Instagram
ZCH639462,Google
ZCK1930645,Offline Campaign
ZCM1524219,Google
ZCO1146731,Offline Campaign
ZCQ2123010,Organic
ZCZ7100770,Google
ZDC2032601,Snapchat
ZDC555044,Offline Campaign
ZDD2559250,Google
ZDG1590918,Facebook
ZDM1557732,Instagram
ZDN1332850,Offline Campaign
ZED939447,Google
ZEI18100788,Facebook
ZEI890627,Instagram
ZES1551243,Organic
ZEW1353880,Instagram
ZEX1237611,Offline Campaign
ZFB19103029,Facebook
ZFG1016419,Organic
ZFM2499387,Google
ZFU1177178,Offline Campaign
ZFW1552893,Google
ZGC1697710,Instagram
ZGC2637407,Facebook
ZGN595637,Instagram
ZGS1131773,Google
ZGU1125056,Google
ZGY927273,Organic
ZHD1652596,Google
ZHD885350,Snapchat
ZHF2399318,Facebook
ZHK1067710,Google
ZHN1622848,Instagram
ZHO17104049,Instagram
ZHT1045639,Instagram
ZHU1761320,Snapchat
ZHU555677,Facebook
ZHY548903,Organic
ZIC1024465,Snapchat
ZIE838499,Instagram
ZIK2229445,Facebook
ZIN1058509,Google
ZIP1042807,Offline Campaign
ZIR5105042,Instagram
ZIX997371,Facebook
ZIY2383046,Facebook
ZJG331227,Instagram
ZJJ1075333,Facebook
ZJL1945027,Instagram
ZJN1197515,Snapchat
ZJQ333816,Instagram
ZJW2281555,Offline Campaign
ZJY107677,Instagram
ZKJ2034059,Snapchat
ZKJ2387462,Snapchat
ZKS580010,Facebook
ZKT1820076,Snapchat
ZKU2195478,Facebook
ZKW1938901,Google
ZLE1417034,Snapchat
ZLP2321357,Google
ZLQ23104592,Google
ZLU390051,Facebook
ZMI1895655,Facebook
ZMI1922218,Instagram
ZML1917379,Organic
ZMU780133,Offline Campaign
ZMW1032820,Organic
ZMX14107466,Facebook
ZNH751408,Offline Campaign
ZNJ1860945,Snapchat
ZNL1037497,Facebook
ZNM570131,Snapchat
ZNR886979,Facebook
ZNV2180157,Organic
ZNW1346515,Organic
ZOC872576,Facebook
ZOE2528269,Offline Campaign
ZOL1595160,Facebook
ZON1598028,Instagram
ZON898304,Offline Campaign
ZOR1650187,Instagram
ZPA1320592,Offline Campaign
ZPG1647907,Facebook
ZPH1918546,Instagram
ZPO1751804,Offline Campaign
ZPP513893,Snapchat
ZPV2354468,Organic
ZQB1793720,Instagram
ZQB198457,Google
ZQE268256,Google
ZQQ1543785,Instagram
ZQR675102,Organic
ZQS17104373,Snapchat
ZQY1828911,Facebook
ZRI25104688,Google
ZRL855572,Facebook
ZRM1574871,Offline Campaign
ZRN938295,Organic
ZRY2150100,Organic
ZRZ2173902,Facebook
ZSB748186,Organic
ZTL1451918,Facebook
ZTS1972894,Facebook
ZTT157503,Google
ZUM2324999,Instagram
ZUO1950349,Snapchat
ZUP8102705,Offline Campaign
ZUT1961581,Snapchat
ZUZ1395298,Offline Campaign
ZUZ968982,Snapchat
ZVB14101274,Google
ZVD2689373,Google
ZVE1814865,Offline Campaign
ZVI1393261,Snapchat
ZVI184072,Facebook
ZVU2018558,Facebook
ZVU712672,Organic
ZWB2092244,Facebook
ZWB332703,Offline Campaign
ZWW569288,Snapchat
ZXF999360,Instagram
ZXM1358452,Organic
ZXM595103,Google
ZXM612261,Instagram
ZXO1632598,Organic
ZXP1238469,Facebook
ZXS1160339,Offline Campaign
ZXU2430366,Instagram
ZXY1812528,Offline Campaign
ZYG693321,Facebook
ZYV752536,Facebook
ZZB2240902,Organic
ZZM1967341,Offline Campaign
ZZN585308,Facebook
ZZY1437275,Offline Campaign
